{"cycle": [0, 5, 10, 15, 20, 25, 30, 35, 40, 45, 50], "att_reward_mean": [-1.234999999999981, 14.524999999999995, -4.199999999999987, -13.029999999999982, -50.940000000000005, -45.605000000000004, -50.915000000000006, -50.75000000000001, -57.40999999999999, -55.489999999999995, -61.55], "att_reward_std": [31.0116151627096, 64.27010872092873, 22.124420896376016, 52.038823007443206, 0.5013980454688668, 57.32211157136484, 0.5824731753480158, 0.16881943016134224, 28.58492434833439, 6.798154161241122, 12.252816002862364], "def_reward_mean": [-894.45, -9.6375, 38.0375, 16.65, 37.23750000000001, 30.6625, 44.225, 43.525, 46.0875, 46.325, 47.1125], "def_reward_std": [171.51393164988082, 68.25331837170997, 30.348833894401935, 48.77854292616786, 1.743693995516413, 40.437704790826096, 2.1878928218722202, 2.3047505287991545, 0.6137741848595459, 1.162163929916946, 2.6344769404950203], "att_win_rate": [0.1, 0.4, 0.05, 0.2, 0.0, 0.1, 0.0, 0.0, 0.0, 0.0, 0.0], "def_win_rate": [0.0, 0.35, 0.0, 0.35, 1.0, 0.65, 1.0, 1.0, 0.95, 1.0, 1.0], "timeout_rate": [0.9, 0.25, 0.95, 0.45, 0.0, 0.25, 0.0, 0.0, 0.05, 0.0, 0.0], "mean_ep_len": [186.2, 71.45, 192.15, 113.6, 5.95, 69.65, 4.9, 4.1, 14.35, 5.3, 8.45], "availability": [1.0, 1.0, 1.0, 1.0, 1.0, 1.0, 1.0, 1.0, 1.0, 1.0, 1.0], "trap_trigger_rate": [0.0, 0.35, 0.0, 0.35, 1.0, 0.65, 1.0, 1.0, 0.95, 1.0, 1.0], "port_close_freq": [0.0, 0.0, 0.0, 0.0, 0.0, 0.0, 0.0, 0.0, 0.0, 0.0, 0.0], "false_positive_rate": [0.0, 0.0, 0.0, 0.0, 0.0, 0.0, 0.0, 0.0, 0.0, 0.0, 0.0], "att_entropy": [1.3488143205475291, 1.2851739758226632, 1.3940585497398326, 1.7732794434054004, 1.524946236269695, 2.005657116634854, 1.1951783970696912, 0.8616647414837715, 1.4891283602635128, 1.3555578882853396, 1.2824537250647945], "def_entropy": [-1.000000082690371e-10, 0.07364544593398195, 0.07563752738172866, 0.7634112836548822, 1.6148457971307368, 1.0009587512244953, 1.0496926149651657, 1.660794381025062, 1.7266040159011022, 1.8789724148542535, 1.5384041115669156], "att_action_dist": [[0.38399570354457574, 0.013157894736842105, 0.0021482277121374865, 0.0018796992481203006, 0.01342642320085929, 0.0002685284640171858, 0.02953813104189044, 0.0, 0.07679914070891515, 0.0, 0.011815252416756176, 0.0, 0.0005370569280343716, 0.0, 0.0, 0.0, 0.0, 0.0, 0.019602577873254565, 0.0, 0.0, 0.4377013963480129, 0.009129967776584319], [0.0034989503149055285, 0.0006997900629811056, 0.015395381385584325, 0.5570328901329601, 0.0, 0.0027991602519244225, 0.0, 0.0, 0.0006997900629811056, 0.0, 0.0, 0.02309307207837649, 0.011896431070678797, 0.00489853044086774, 0.0, 0.0013995801259622112, 0.21553533939818054, 0.0, 0.0027991602519244225, 0.0, 0.0, 0.15185444366689993, 0.008397480755773267], [0.00078064012490242, 0.015873015873015872, 0.0, 0.08404892011449389, 0.0, 0.00546448087431694, 0.12073900598490762, 0.078064012490242, 0.0052042674993494666, 0.0, 0.0, 0.0, 0.0, 0.004423627374447047, 0.03642987249544627, 0.0, 0.0, 0.0039032006245121, 0.0, 0.00156128024980484, 0.0, 0.6055165235493104, 0.037991152745251104], [0.0017605633802816902, 0.006161971830985915, 0.0, 0.005721830985915493, 0.047975352112676055, 0.015404929577464789, 0.010123239436619719, 0.0, 0.01232394366197183, 0.0, 0.0, 0.009242957746478873, 0.05017605633802817, 0.3829225352112676, 0.008802816901408451, 0.0044014084507042256, 0.01056338028169014, 0.016725352112676055, 0.0017605633802816902, 0.14920774647887325, 0.0, 0.26672535211267606, 0.0], [0.0, 0.0, 0.0, 0.0, 0.10084033613445378, 0.0, 0.0, 0.0, 0.31932773109243695, 0.0, 0.0, 0.17647058823529413, 0.0, 0.0, 0.13445378151260504, 0.0, 0.2689075630252101, 0.0, 0.0, 0.0, 0.0, 0.0, 0.0], [0.002871500358937545, 0.0, 0.0, 0.014357501794687724, 0.008614501076812634, 0.0, 0.0, 0.017946877243359655, 0.09619526202440776, 0.0, 0.0, 0.05814788226848528, 0.2613065326633166, 0.07968413496051686, 0.003589375448671931, 0.0, 0.01866475233309404, 0.0, 0.004307250538406317, 0.05025125628140704, 0.11701363962670495, 0.2670495333811917, 0.0], [0.0, 0.0, 0.0, 0.0, 0.1326530612244898, 0.0, 0.0, 0.0, 0.0, 0.0, 0.0, 0.01020408163265306, 0.2653061224489796, 0.0, 0.07142857142857142, 0.0, 0.5204081632653061, 0.0, 0.0, 0.0, 0.0, 0.0, 0.0], [0.0, 0.0, 0.0, 0.0, 0.0, 0.17073170731707318, 0.0, 0.0, 0.0, 0.0, 0.0, 0.0, 0.6707317073170732, 0.0, 0.0, 0.0, 0.15853658536585366, 0.0, 0.0, 0.0, 0.0, 0.0, 0.0], [0.0, 0.0, 0.020905923344947737, 0.0, 0.0, 0.0, 0.0, 0.0, 0.0, 0.0, 0.0, 0.0, 0.20905923344947736, 0.0, 0.0, 0.0, 0.06620209059233449, 0.0, 0.13588850174216027, 0.06968641114982578, 0.4738675958188153, 0.024390243902439025, 0.0], [0.0, 0.0, 0.07547169811320754, 0.0, 0.0, 0.0, 0.0, 0.0, 0.0, 0.0, 0.0, 0.0, 0.37735849056603776, 0.0, 0.03773584905660377, 0.0, 0.0, 0.0, 0.009433962264150943, 0.0, 0.37735849056603776, 0.12264150943396226, 0.0], [0.0, 0.0, 0.0, 0.0, 0.0, 0.0, 0.0, 0.0, 0.0, 0.0, 0.0, 0.0, 0.23668639053254437, 0.0, 0.03550295857988166, 0.0, 0.0, 0.0, 0.047337278106508875, 0.0, 0.5029585798816568, 0.17159763313609466, 0.005917159763313609]],