{"cycle": [0, 5, 10, 15, 20, 25, 30, 35, 40, 45, 50, 55, 60, 65, 70, 75, 80, 85, 90, 95, 100], "att_reward_mean": [-11.399999999999995, -15.144999999999987, -49.57, -20.01, 2.25, 4.96000000000001, 46.499999999999986, 43.705, 35.654999999999994, -36.06000000000002, -65.915, -60.47500000000001, -50.8, -57.96499999999996, -75.99, -51.114999999999995, -51.645, -55.31500000000001, -56.01500000000001, -51.44000000000001, -50.919999999999995], "att_reward_std": [6.58991653968394, 9.121922768802625, 7.515989622132279, 23.366704945284866, 31.642874395351633, 45.36204801373059, 54.98535259503208, 54.99890430726781, 70.34794577668917, 41.506221220438746, 39.44495246542959, 23.49782702719553, 0.433589667773577, 23.691734318111806, 53.5819456533635, 0.5341114115987419, 1.432995115134731, 5.201180154541851, 7.839150145264471, 0.5342284155677238, 0.11661903789690438], "def_reward_mean": [-949.9999999999998, 49.99999999999999, 44.6125, 43.55, 21.375000000000007, 19.9375, -38.8125, -40.9375, -49.83249999999999, 22.475000000000012, 42.97500000000001, 45.28000000000001, 44.65, 40.591875, 47.4875, 46.6125, 47.195, 46.39999999999999, 46.6625, 47.0, 45.98], "def_reward_std": [1.1368683772161603e-13, 0.0, 1.591922972382769, 2.067002660859438, 36.847956184841514, 52.698604998140134, 64.92783277416551, 66.55960087583158, 68.97164503439076, 40.01444270510337, 6.301239957341728, 9.712136737093438, 1.8138357147217021, 27.09390449062067, 2.4868089492359475, 1.2182851677665607, 1.84931744165246, 1.4528420423432131, 1.1354376909368475, 0.8838834764831844, 0.10653637876331226], "att_win_rate": [0.0, 0.0, 0.0, 0.0, 0.1, 0.2, 0.6, 0.6, 0.6, 0.1, 0.0, 0.0, 0.0, 0.05, 0.0, 0.0, 0.0, 0.0, 0.0, 0.0, 0.0], "def_win_rate": [0.0, 0.0, 0.95, 0.35, 0.05, 0.1, 0.0, 0.0, 0.35, 0.8, 0.9, 0.95, 1.0, 0.9, 0.85, 1.0, 1.0, 1.0, 1.0, 1.0, 1.0], "timeout_rate": [1.0, 1.0, 0.05, 0.65, 0.85, 0.7, 0.4, 0.4, 0.05, 0.1, 0.1, 0.05, 0.0, 0.05, 0.15, 0.0, 0.0, 0.0, 0.0, 0.0, 0.0], "mean_ep_len": [200.0, 200.0, 19.45, 134.2, 184.5, 179.75, 126.75, 117.25, 33.75, 39.9, 38.9, 35.2, 4.6, 31.4, 40.95, 7.45, 8.9, 7.8, 6.65, 8.0, 4.6], "availability": [1.0, 1.0, 1.0, 1.0, 1.0, 1.0, 1.0, 1.0, 1.0, 1.0, 1.0, 1.0, 1.0, 0.9983252645502644, 1.0, 1.0, 1.0, 1.0, 1.0, 1.0, 1.0], "trap_trigger_rate": [0.0, 0.0, 0.95, 0.35, 0.05, 0.1, 0.0, 0.0, 0.35, 0.8, 0.9, 0.95, 1.0, 0.9, 0.85, 1.0, 1.0, 1.0, 1.0, 1.0, 1.0], "port_close_freq": [0.0, 0.0, 0.0, 0.0, 0.0, 0.0, 0.0, 0.0, 0.0, 0.0, 0.0, 0.0, 0.0, 0.0, 0.0, 0.0, 0.0, 0.0, 0.0, 0.0, 0.0], "false_positive_rate": [0.0, 0.0, 0.0, 0.0, 0.0, 0.0, 0.0, 0.0, 0.0, 0.0, 0.0, 0.0, 0.0, 0.1321656050955414, 0.0, 0.0, 0.0, 0.0, 0.0, 0.0, 0.0], "att_entropy": [1.651249124628488, 1.3749540579994, 1.9951722813185706, 0.5177916073330695, 0.7207788025596836, 1.2241791101083763, 1.7938748634227182, 1.6346954487246002, 1.6490278602127668, 2.2216186604693764, 1.5855266665913594, 2.0254857823860544, 1.8331990301367682, 1.7938842476193095, 1.280644288301818, 1.5261313712708522, 1.256884369059815, 1.8243583523031395, 1.4766428445684274, 1.4558845701977978, -1.000000082690371e-10], "def_entropy": [-1.000000082690371e-10, -1.000000082690371e-10, 0.805622990164022, 0.6148914242747014, 0.7450580516167751, 0.6948744918146601, 0.34227611973471983, 0.7472262152900266, 1.6913061162412781, 1.3523225360728368, 1.4977417635596895, 1.5565622378214052, 1.7353892216861544, 1.4786392037879252, 0.9728422357412327, 1.953711567771289, 1.4497374659990332, 2.1304943725786565, 1.3629939477492483, 1.916357877477883, 1.6246965630311134], "att_action_dist": [[0.00025, 0.12425, 0.005, 0.11175, 0.0805, 0.02925, 0.00075, 0.08, 0.0, 0.00475, 0.0, 0.0, 0.0, 0.0, 0.00475, 0.015, 0.0, 0.0, 0.0, 0.047, 0.0, 0.49675, 0.0], [0.0, 0.0, 0.0, 0.0, 0.005, 0.0, 0.39475, 0.00125, 0.00275, 0.0635, 0.0055, 0.02525, 0.0, 0.0, 0.0, 0.008, 0.0, 0.00375, 0.0, 0.1025, 0.0, 0.38775, 0.0], [0.0, 0.0, 0.13881748071979436, 0.0, 0.05141388174807198, 0.0, 0.2776349614395887, 0.0, 0.0, 0.0, 0.002570694087403599, 0.043701799485861184, 0.002570694087403599, 0.0, 0.02056555269922879, 0.02056555269922879, 0.056555269922879174, 0.05141388174807198, 0.10025706940874037, 0.0, 0.0, 0.23393316195372751, 0.0], [0.0, 0.009687034277198211, 0.0, 0.0, 0.0067064083457526085, 0.0, 0.007451564828614009, 0.0, 0.005216095380029807, 0.0, 0.05067064083457526, 0.014157973174366617, 0.00037257824143070045, 0.0, 0.0, 0.0, 0.013785394932935917, 0.0, 0.0, 0.0, 0.0, 0.8919523099850969, 0.0], [0.0, 0.0, 0.013821138211382113, 0.005420054200542005, 0.0, 0.0, 0.0016260162601626016, 0.005420054200542005, 0.00027100271002710027, 0.0, 0.025474254742547425, 0.0, 0.0024390243902439024, 0.0, 0.058265582655826556, 0.0, 0.026558265582655827, 0.007859078590785908, 0.00027100271002710027, 0.008130081300813009, 0.0, 0.8444444444444444, 0.0], [0.0, 0.0, 0.0058414464534075105, 0.0, 0.059248956884561894, 0.0, 0.0072322670375521555, 0.012795549374130737, 0.0, 0.0, 0.04394993045897079, 0.008066759388038943, 0.0, 0.10792767732962448, 0.0008344923504867872, 0.0, 0.0, 0.0005563282336578582, 0.02948539638386648, 0.0458970792767733, 0.0, 0.6781641168289291, 0.0], [0.3214990138067061, 0.0, 0.0, 0.01775147928994083, 0.0, 0.0, 0.009072978303747535, 0.005522682445759369, 0.008284023668639054, 0.009467455621301775, 0.09625246548323471, 0.1668639053254438, 0.0, 0.0, 0.011834319526627219, 0.0, 0.03471400394477318, 0.0, 0.004339250493096647, 0.0067061143984220905, 0.0, 0.2816568047337278, 0.02603550295857988], [0.0, 0.0021321961620469083, 0.0, 0.0, 0.4311300639658849, 0.0, 0.00042643923240938164, 0.003411513859275053, 0.0, 0.0, 0.19147121535181236, 0.05415778251599147, 0.0, 0.0, 0.14498933901918976, 0.0, 0.0, 0.0, 0.04136460554371002, 0.044349680170575695, 0.0, 0.08656716417910448, 0.0], [0.0, 0.011851851851851851, 0.0, 0.0, 0.0, 0.0, 0.05333333333333334, 0.02074074074074074, 0.007407407407407408, 0.0, 0.1259259259259259, 0.008888888888888889, 0.04, 0.0, 0.3125925925925926, 0.0, 0.3851851851851852, 0.0, 0.0014814814814814814, 0.011851851851851851, 0.0014814814814814814, 0.011851851851851851, 0.007407407407407408], [0.005012531328320802, 0.23057644110275688, 0.06766917293233082, 0.0, 0.06516290726817042, 0.0012531328320802004, 0.008771929824561403, 0.0, 0.05513784461152882, 0.012531328320802004, 0.17293233082706766, 0.16791979949874686, 0.045112781954887216, 0.010025062656641603, 0.11403508771929824, 0.0, 0.008771929824561403, 0.0, 0.010025062656641603, 0.007518796992481203, 0.0, 0.017543859649122806, 0.0], [0.06812339331619537, 0.0, 0.0, 0.2892030848329049, 0.0, 0.0, 0.028277634961439587, 0.0, 0.0, 0.014138817480719794, 0.002570694087403599, 0.0, 0.0, 0.10282776349614396, 0.010282776349614395, 0.0, 0.0, 0.0, 0.032133676092544985, 0.006426735218508998, 0.4254498714652956, 0.0, 0.02056555269922879], [0.0014204545454545455, 0.0014204545454545455, 0.0, 0.26420454545454547, 0.0, 0.0, 0.17613636363636365, 0.0, 0.0, 0.01278409090909091, 0.024147727272727272, 0.04261363636363636, 0.036931818181818184, 0.048295454545454544, 0.06392045454545454, 0.10653409090909091, 0.0, 0.0, 0.0, 0.014204545454545454, 0.20738636363636365, 0.0, 0.0], [0.0, 0.0, 0.0, 0.21739130434782608, 0.0, 0.0, 0.0, 0.0, 0.0, 0.043478260869565216, 0.10869565217391304, 0.0, 0.0, 0.22826086956521738, 0.15217391304347827, 0.0, 0.07608695652173914, 0.0, 0.0, 0.17391304347826086, 0.0, 0.0, 0.0], [0.0, 0.0, 0.0, 0.020700636942675158, 0.0, 0.0, 0.0, 0.0, 0.0, 0.0031847133757961785, 0.21815286624203822, 0.0015923566878980893, 0.0, 0.042993630573248405, 0.012738853503184714, 0.04777070063694268, 0.004777070063694267, 0.03343949044585987, 0.03503184713375796, 0.054140127388535034, 0.4394904458598726, 0.07643312101910828, 0.009554140127388535], [0.0, 0.0, 0.0, 0.0231990231990232, 0.0, 0.0, 0.0, 0.0, 0.0, 0.006105006105006105, 0.013431013431013432, 0.11233211233211234, 0.0, 0.0, 0.06837606837606838, 0.003663003663003663, 0.003663003663003663, 0.0, 0.07814407814407814, 0.009768009768009768, 0.6495726495726496, 0.031746031746031744, 0.0], [0.0, 0.0, 0.0, 