{"cycle": [0, 5, 10, 15, 20, 25, 30, 35, 40, 45, 50], "att_reward_mean": [-11.399999999999995, -15.144999999999987, -49.57, -20.01, 2.25, 4.96000000000001, 46.499999999999986, 43.705, 35.654999999999994, -36.06000000000002, -65.915], "att_reward_std": [6.58991653968394, 9.121922768802625, 7.515989622132279, 23.366704945284866, 31.642874395351633, 45.36204801373059, 54.98535259503208, 54.99890430726781, 70.34794577668917, 41.506221220438746, 39.44495246542959], "def_reward_mean": [-949.9999999999998, 49.99999999999999, 44.6125, 43.55, 21.375000000000007, 19.9375, -38.8125, -40.9375, -49.83249999999999, 22.475000000000012, 42.97500000000001], "def_reward_std": [1.1368683772161603e-13, 0.0, 1.591922972382769, 2.067002660859438, 36.847956184841514, 52.698604998140134, 64.92783277416551, 66.55960087583158, 68.97164503439076, 40.01444270510337, 6.301239957341728], "att_win_rate": [0.0, 0.0, 0.0, 0.0, 0.1, 0.2, 0.6, 0.6, 0.6, 0.1, 0.0], "def_win_rate": [0.0, 0.0, 0.95, 0.35, 0.05, 0.1, 0.0, 0.0, 0.35, 0.8, 0.9], "timeout_rate": [1.0, 1.0, 0.05, 0.65, 0.85, 0.7, 0.4, 0.4, 0.05, 0.1, 0.1], "mean_ep_len": [200.0, 200.0, 19.45, 134.2, 184.5, 179.75, 126.75, 117.25, 33.75, 39.9, 38.9], "availability": [1.0, 1.0, 1.0, 1.0, 1.0, 1.0, 1.0, 1.0, 1.0, 1.0, 1.0], "trap_trigger_rate": [0.0, 0.0, 0.95, 0.35, 0.05, 0.1, 0.0, 0.0, 0.35, 0.8, 0.9], "port_close_freq": [0.0, 0.0, 0.0, 0.0, 0.0, 0.0, 0.0, 0.0, 0.0, 0.0, 0.0], "false_positive_rate": [0.0, 0.0, 0.0, 0.0, 0.0, 0.0, 0.0, 0.0, 0.0, 0.0, 0.0], "att_entropy": [1.651249124628488, 1.3749540579994, 1.9951722813185706, 0.5177916073330695, 0.7207788025596836, 1.2241791101083763, 1.7938748634227182, 1.6346954487246002, 1.6490278602127668, 2.2216186604693764, 1.5855266665913594], "def_entropy": [-1.000000082690371e-10, -1.000000082690371e-10, 0.805622990164022, 0.6148914242747014, 0.7450580516167751, 0.6948744918146601, 0.34227611973471983, 0.7472262152900266, 1.6913061162412781, 1.3523225360728368, 1.4977417635596895], "att_action_dist": [[0.00025, 0.12425, 0.005, 0.11175, 0.0805, 0.02925, 0.00075, 0.08, 0.0, 0.00475, 0.0, 0.0, 0.0, 0.0, 0.00475, 0.015, 0.0, 0.0, 0.0, 0.047, 0.0, 0.49675, 0.0], [0.0, 0.0, 0.0, 0.0, 0.005, 0.0, 0.39475, 0.00125, 0.00275, 0.0635, 0.0055, 0.02525, 0.0, 0.0, 0.0, 0.008, 0.0, 0.00375, 0.0, 0.1025, 0.0, 0.38775, 0.0], [0.0, 0.0, 0.13881748071979436, 0.0, 0.05141388174807198, 0.0, 0.2776349614395887, 0.0, 0.0, 0.0, 0.002570694087403599, 0.043701799485861184, 0.002570694087403599, 0.0, 0.02056555269922879, 0.02056555269922879, 0.056555269922879174, 0.05141388174807198, 0.10025706940874037, 0.0, 0.0, 0.23393316195372751, 0.0], [0.0, 0.009687034277198211, 0.0, 0.0, 0.0067064083457526085, 0.0, 0.007451564828614009, 0.0, 0.005216095380029807, 0.0, 0.05067064083457526, 0.014157973174366617, 0.00037257824143070045, 0.0, 0.0, 0.0, 0.013785394932935917, 0.0, 0.0, 0.0, 0.0, 0.8919523099850969, 0.0], [0.0, 0.0, 0.013821138211382113, 0.005420054200542005, 0.0, 0.0, 0.0016260162601626016, 0.005420054200542005, 0.00027100271002710027, 0.0, 0.025474254742547425, 0.0, 0.0024390243902439024, 0.0, 0.058265582655826556, 0.0, 0.026558265582655827, 0.007859078590785908, 0.00027100271002710027, 0.008130081300813009, 0.0, 0.8444444444444444, 0.0], [0.0, 0.0, 0.0058414464534075105, 0.0, 0.059248956884561894, 0.0, 0.0072322670375521555, 0.012795549374130737, 0.0, 0.0, 0.04394993045897079, 0.008066759388038943, 0.0, 0.10792767732962448, 0.0008344923504867872, 0.0, 0.0, 0.0005563282336578582, 0.02948539638386648, 0.0458970792767733, 0.0, 0.6781641168289291, 0.0], [0.3214990138067061, 0.0, 0.0, 0.01775147928994083, 0.0, 0.0, 0.009072978303747535, 0.005522682445759369, 0.008284023668639054, 0.009467455621301775, 0.09625246548323471, 0.1668639053254438, 0.0, 0.0, 0.011834319526627219, 0.0, 0.03471400394477318, 0.0, 0.004339250493096647, 0.0067061143984220905, 0.0, 0.2816568047337278, 0.02603550295857988], [0.0, 0.0021321961620469083, 0.0, 0.0, 0.4311300639658849, 0.0, 0.00042643923240938164, 0.003411513859275053, 0.0, 0.0, 0.19147121535181236, 0.05415778251599147, 0.0, 0.0, 0.14498933901918976, 0.0, 0.0, 0.0, 0.04136460554371002, 0.044349680170575695, 0.0, 0.08656716417910448, 0.0], [0.0, 0.011851851851851851, 0.0, 0.0, 0.0, 0.0, 0.05333333333333334, 0.02074074074074074, 0.007407407407407408, 0.0, 0.1259259259259259, 0.008888888888888889, 0.04, 0.0, 0.3125925925925926, 0.0, 0.3851851851851852, 0.0, 0.0014814814814814814, 0.011851851851851851, 0.0014814814814814814, 0.011851851851851851, 0.007407407407407408], [0.005012531328320802, 0.23057644110275688, 0.06766917293233082, 0.0, 0.06516290726817042, 0.0012531328320802004, 0.008771929824561403, 0.0, 0.05513784461152882, 0.012531328320802004, 0.17293233082706766, 0.16791979949874686, 0.045112781954887216, 0.010025062656641603, 0.11403508771929824, 0.0, 0.008771929824561403, 0.0, 0.010025062656641603, 0.007518796992481203, 0.0, 0.017543859649122806, 0.0], [0.06812339331619537, 0.0, 0.0, 0.2892030848329049, 0.0, 0.0, 0.028277634961439587, 0.0, 0.0, 0.014138817480719794, 0.002570694087403599, 0.0, 0.0, 0.10282776349614396, 0.010282776349614395, 0.0, 0.0, 0.0, 0.032133676092544985, 0.006426735218508998, 0.4254498714652956, 0.0, 0.02056555269922879]],