{"cycle": [0, 5, 10, 15, 20, 25, 30, 35, 40, 45, 50], "att_reward_mean": [-34.059999999999995, -23.744999999999976, 2.069999999999999, -15.184999999999993, 38.010000000000005, -14.324999999999974, 44.40499999999999, 23.620000000000005, 1.5849999999999933, -50.93, 8.325000000000003], "att_reward_std": [17.183753955408008, 11.634924795631466, 21.082198651943298, 48.48215419100104, 62.03100756879578, 26.7153864841967, 56.48638309362709, 73.31716442962043, 69.65988282361664, 0.6221736092120912, 70.05698305665182], "def_reward_mean": [-307.04875000000015, 49.99999999999999, 38.0125, 24.925, -22.975, 33.4625, -39.48749999999999, -34.72499999999999, -15.412499999999989, 37.60000000000001, -17.771249999999995], "def_reward_std": [318.7910347091611, 0.0, 30.457806367990454, 44.41460204707457, 69.5937272676209, 30.737830417093523, 69.89029237848415, 76.13536054291725, 69.50109149322763, 2.124852936087576, 70.45837036639082], "att_win_rate": [0.0, 0.0, 0.05, 0.15, 0.55, 0.05, 0.55, 0.55, 0.35, 0.0, 0.4], "def_win_rate": [0.5, 0.0, 0.0, 0.45, 0.15, 0.05, 0.1, 0.45, 0.6, 1.0, 0.5], "timeout_rate": [0.5, 1.0, 0.95, 0.4, 0.3, 0.9, 0.35, 0.0, 0.05, 0.0, 0.1], "mean_ep_len": [106.1, 200.0, 192.05, 109.7, 135.1, 185.85, 103.05, 56.1, 22.35, 6.4, 46.05], "availability": [0.9535270562770549, 1.0, 1.0, 1.0, 1.0, 1.0, 1.0, 1.0, 1.0, 1.0, 0.9988775510204082], "trap_trigger_rate": [0.5, 0.0, 0.0, 0.45, 0.15, 0.05, 0.1, 0.45, 0.6, 1.0, 0.5], "port_close_freq": [0.0, 0.0, 0.0, 0.0, 0.0, 0.0, 0.0, 0.0, 0.0, 0.0, 0.0], "false_positive_rate": [1.1611687087653157, 0.0, 0.0, 0.0, 0.0, 0.0, 0.0, 0.0, 0.0, 0.0, 0.021715526601520086], "att_entropy": [1.446215096063052, 1.2156463635883983, 0.483955585682906, 1.378579009801059, 1.0492126052674544, 1.2372930169917287, 1.1222643288617624, 1.5096438159751657, 2.0177432671480564, 2.0107768623795046, 1.6621219834997478], "def_entropy": [0.05334264480265783, 0.5634310924056619, 0.45157853318357005, 1.1806423117840301, 0.635928653042297, 0.946458235863824, 0.9760117582230023, 0.29164679785627884, 1.4403296599277104, 1.940111751546477, 1.3112662257656986], "att_action_dist": [[0.001885014137606032, 0.002827521206409048, 0.0, 0.00942507068803016, 0.4646559849198869, 0.00942507068803016, 0.0117813383600377, 0.0, 0.22573044297832234, 0.11027332704995288, 0.0, 0.0, 0.00235626767200754, 0.00471253534401508, 0.000471253534401508, 0.000942507068803016, 0.000471253534401508, 0.0, 0.0, 0.0, 0.0, 0.15504241281809614, 0.0], [0.04175, 0.0, 0.002, 0.00125, 0.0, 0.0, 0.005, 0.05375, 0.0, 0.0, 0.0, 0.0, 0.00025, 0.0, 0.03125, 0.0, 0.00525, 0.005, 0.0, 0.5, 0.0, 0.3545, 0.0], [0.000520697734964853, 0.0, 0.0, 0.05649570424368654, 0.0, 0.0, 0.004946628482166103, 0.0, 0.0, 0.0, 0.011195001301744337, 0.0, 0.0, 0.0, 0.02343139807341838, 0.0, 0.009632908096849779, 0.0, 0.0, 0.001041395469929706, 0.0, 0.8927362665972403, 0.0], [0.00045578851412944393, 0.0, 0.0022789425706472195, 0.0009115770282588879, 0.0, 0.0, 0.014585232452142206, 0.0, 0.0, 0.010483135824977211, 0.021422060164083864, 0.0, 0.1007292616226071, 0.009115770282588878, 0.00045578851412944393, 0.008204193254329991, 0.01504102096627165, 0.0870556061987238, 0.03190519598906107, 0.06198723792160438, 0.0, 0.6353691886964449, 0.0], [0.0, 0.0, 0.0, 0.0, 0.0, 0.0, 0.0, 0.0, 0.0, 0.0, 0.0007401924500370096, 0.2161361954108068, 0.020355292376017766, 0.0, 0.0, 0.0011102886750555144, 0.001850481125092524, 0.052553663952627686, 0.055144337527757215, 0.0033308660251665434, 0.0, 0.648778682457439, 0.0], [0.0, 0.0, 0.0016142050040355124, 0.02448210922787194, 0.0, 0.0, 0.012106537530266344, 0.0045735808447672855, 0.07559860102232983, 0.008340059187516815, 0.0008071025020177562, 0.0, 0.0, 0.00645682001614205, 0.0002690341673392521, 0.0, 0.012375571697605597, 0.0013451708366962604, 0.36803874092009686, 0.0, 0.0, 0.4839924670433145, 0.0], [0.0024260067928190197, 0.00048520135856380397, 0.0048520135856380394, 0.0, 0.0, 0.00048520135856380397, 0.0, 0.08393983503153808, 0.0, 0.004366812227074236, 0.01455604075691412, 0.15089762251334304, 0.0, 0.00048520135856380397, 0.00048520135856380397, 0.0, 0.010674429888403688, 0.023289665211062592, 0.021834061135371178, 0.0009704027171276079, 0.0, 0.6802523047064531, 0.0], [0.0570409982174688, 0.0, 0.0, 0.0, 0.0, 0.09269162210338681, 0.0, 0.0, 0.26737967914438504, 0.0, 0.2638146167557932, 0.3083778966131907, 0.0, 0.0017825311942959, 0.006238859180035651, 0.0, 0.00267379679144385, 0.0, 0.0, 0.0, 0.0, 0.0, 0.0], [0.11185682326621924, 0.0, 0.053691275167785234, 0.0, 0.0, 0.0, 0.0022371364653243847, 0.020134228187919462, 0.08277404921700224, 0.1789709172259508, 0.30648769574944074, 0.1319910514541387, 0.05592841163310962, 0.0, 0.0, 0.0, 0.0, 0.015659955257270694, 0.029082774049217, 0.0, 0.0, 0.011185682326621925, 0.0], [0.0625, 0.0, 0.1171875, 0.0, 0.0078125, 0.0, 0.0, 0.0, 0.0, 0.265625, 0.1484375, 0.0546875, 0.046875, 0.0, 0.0, 0.0, 0.0, 0.0, 0.046875, 0.203125, 0.0, 0.046875, 0.0], [0.0010857763300760044, 0.01520086862106406, 0.02823018458197611, 0.003257328990228013, 0.0, 0.0, 0.0, 0.0010857763300760044, 0.0, 0.01737242128121607, 0.05646036916395222, 0.06080347448425624, 0.004343105320304018, 0.0, 0.0, 0.0, 0.006514657980456026, 0.0, 0.013029315960912053, 0.43973941368078173, 0.0, 0.24212812160694897, 0.11074918566775244]],