{"cycle": [0, 5, 10, 15, 20, 25, 30, 35, 40, 45, 50, 55, 60, 65, 70, 75, 80, 85, 90, 95, 100], "att_reward_mean": [22.11000000000005, 23.609999999999992, 5.9599999999999955, 31.82499999999998, 7.054999999999976, 53.63499999999999, -50.63, -50.615, 14.164999999999969, 34.89, 51.16000000000001, 55.81500000000001, 41.464999999999996, 45.9299999999999, 20.05999999999998, 88.22499999999998, 72.645, 73.88000000000001, 87.89500000000001, 92.63999999999999, 79.85], "att_reward_std": [49.63758555772028, 63.44140524925344, 66.10205291819611, 62.21323713648086, 64.00068339478885, 61.19376009855908, 0.1926136028425815, 0.06538348415311103, 53.35565832224359, 55.253451475903304, 66.59494275093267, 46.59527095103107, 62.567477774000125, 70.26124180513763, 65.63906915854308, 29.352425368272385, 47.28945416263547, 46.70845319639691, 24.92182728051858, 2.5815499220429556, 41.81530222299009], "def_reward_mean": [-5.75, -16.0875, -4.0, -21.075, 0.0125, -49.5125, 46.1875, 41.275, 6.475, -18.2875, -49.55, -39.2875, -44.01249999999997, -72.07499999999993, -14.547500000000019, -86.2, -69.2375, -74.3125, -84.2125, -90.4, -77.7625], "def_reward_std": [55.82203865858, 66.61429440255299, 69.99330325109682, 71.10674633957034, 68.13880479396451, 65.20561109866236, 0.39429525738968757, 1.0923026137476737, 65.95509362437446, 68.73905708365514, 65.20628804034163, 65.20056915970903, 57.33089017929169, 39.19904574731389, 68.67637962756918, 31.322176648502573, 50.23447987936174, 50.24613635644038, 31.049584840219687, 3.377684117853533, 42.27961055579864], "att_win_rate": [0.5, 0.5, 0.35, 0.5, 0.35, 0.7, 0.0, 0.0, 0.3, 0.5, 0.75, 0.65, 0.6, 0.7, 0.45, 0.95, 0.85, 0.85, 0.95, 1.0, 0.9], "def_win_rate": [0.0, 0.0, 0.15, 0.0, 0.0, 0.0, 1.0, 1.0, 0.0, 0.0, 0.25, 0.0, 0.0, 0.0, 0.0, 0.0, 0.0, 0.0, 0.0, 0.0, 0.05], "timeout_rate": [0.5, 0.5, 0.5, 0.5, 0.65, 0.3, 0.0, 0.0, 0.7, 0.5, 0.0, 0.35, 0.4, 0.3, 0.55, 0.05, 0.15, 0.15, 0.05, 0.0, 0.05], "mean_ep_len": [177.0, 135.65, 137.0, 115.7, 140.05, 82.95, 4.75, 4.1, 146.9, 126.85, 57.8, 103.85, 103.15, 82.4, 127.25, 35.2, 63.05, 58.75, 43.15, 38.4, 39.95], "availability": [1.0, 1.0, 1.0, 1.0, 1.0, 1.0, 1.0, 1.0, 1.0, 1.0, 1.0, 1.0, 1.0, 0.9779416666666677, 1.0, 1.0, 1.0, 1.0, 1.0, 1.0, 1.0], "trap_trigger_rate": [0.0, 0.0, 0.15, 0.0, 0.0, 0.0, 1.0, 1.0, 0.0, 0.0, 0.25, 0.0, 0.0, 0.0, 0.0, 0.0, 0.0, 0.0, 0.0, 0.0, 0.05], "port_close_freq": [0.0, 0.0, 0.0, 0.0, 0.0, 0.0, 0.0, 0.0, 0.0, 0.0, 0.0, 0.0, 0.0, 0.10808333333333334, 0.0, 0.0, 0.0, 0.0, 0.0, 0.0, 0.0], "false_positive_rate": [0.0, 0.0, 0.0, 0.0, 0.0, 0.0, 0.0, 0.0, 0.0, 0.0, 0.0, 0.0, 0.0, 0.0, 0.0, 0.0, 0.0, 0.0, 0.0, 0.0, 0.0], "att_entropy": [1.6290802935299205, 1.4272889252890792, 1.3682563621899568, 1.5649510666668336, 0.029566567759288974, 1.082179949188836, 1.0714934698238399, 1.2907206460940246, 1.072020361307402, 1.7297704891369072, 0.9430652296067077, 1.1216934080958674, 0.9345437472157746, 1.4536925417320319, 1.0432958620813584, 1.7274596300318334, 1.1236522150068369, 1.568410038872184, 2.0034479614149165, 1.6465051535246347, 1.773621828938901], "def_entropy": [0.45868731128628304, 0.93161166557445, 1.0483960864834407, 1.1698632325508715, 0.6687140952290711, 1.6671171500520832, 1.7627429980191134, 1.5897956689101873, 1.2051908314395718, 1.2405737064075317, 1.346867613289361, 1.2640093562482242, 1.1232296821136543, 1.9729994260739139, 1.2425241487637435, 0.5454228219318767, 0.1559270098605705, 1.0913576430580385, 0.8777904995019953, 1.1617237217256444, 1.0489013936258038], "att_action_dist": [[0.0, 0.23163841807909605, 0.0, 0.0, 0.0, 0.0, 0.0, 0.0, 0.0, 0.0, 0.03898305084745763, 0.0, 0.1268361581920904, 0.0, 0.18418079096045198, 0.3220338983050847, 0.0, 0.0, 0.0, 0.0, 0.0, 0.09632768361581921, 0.0], [0.0, 0.007371913011426466, 0.005160339107998526, 0.0, 0.0, 0.0, 0.0, 0.0, 0.04201990416513085, 0.0, 0.0, 0.0, 0.0, 0.0, 0.10541835606339846, 0.37301879837817914, 0.34316255068190193, 0.0, 0.0, 0.12384813859196461, 0.0, 0.0, 0.0], [0.0010948905109489052, 0.0, 0.0, 0.0, 0.0, 0.0, 0.0, 0.0, 0.004379562043795621, 0.0010948905109489052, 0.0, 0.0, 0.0, 0.0, 0.0, 0.3624087591240876, 0.1427007299270073, 0.0, 0.0, 0.0, 0.0, 0.2105839416058394, 0.27773722627737224], [0.0, 0.007778738115816767, 0.13915298184961106, 0.0, 0.0, 0.0, 0.0, 0.0, 0.27744165946413135, 0.004753673292999135, 0.0, 0.0, 0.0, 0.0, 0.0, 0.2878133102852204, 0.21521175453759722, 0.0, 0.0, 0.0, 0.0, 0.0, 0.06784788245462403], [0.0, 0.0046411995715815784, 0.0, 0.0, 0.0, 0.0, 0.0, 0.0, 0.0, 0.0, 0.0, 0.0, 0.0, 0.0, 0.0, 0.0, 0.9953588004284184, 0.0, 0.0, 0.0, 0.0, 0.0, 0.0], [0.0, 0.01567209162145871, 0.0, 0.0, 0.0, 0.0, 0.003616636528028933, 0.0, 0.007836045810729355, 0.0, 0.0, 0.0, 0.0, 0.0, 0.0, 0.0, 0.2977697408077155, 0.0, 0.13140446051838456, 0.543701024713683, 0.0, 0.0, 0.0], [0.0, 0.24210526315789474, 0.0, 0.0, 0.0, 0.0, 0.0, 0.43157894736842106, 0.0, 0.0, 0.0, 0.0, 0.0, 0.0, 0.0, 0.0, 0.0, 0.0, 0.0, 0.3263157894736842, 0.0, 0.0, 0.0], [0.0, 0.10975609756097561, 0.0, 0.0, 0.0, 0.0, 0.0, 0.0, 0.0, 0.0, 0.0, 0.0, 0.0, 0.0, 0.0, 0.0, 0.3902439024390244, 0.0, 0.0, 0.3048780487804878, 0.0, 0.1951219512195122, 0.0], [0.0, 0.06807351940095303, 0.0, 0.0, 0.0003403675970047651, 0.0, 0.002722940776038121, 0.6902654867256637, 0.0, 0.0, 0.0, 0.0, 0.0, 0.0, 0.0, 0.0, 0.0010211027910142954, 0.0013614703880190605, 0.0, 0.09019741320626276, 0.0, 0.08032675289312458, 0.06569094622191968], [0.0, 0.12061489948758376, 0.0, 0.0, 0.0011824990145841545, 0.00039416633819471815, 0.0, 0.0035474970437524636, 0.09184075679936933, 0.0, 0.033504138746551046, 0.031139140717382736, 0.0, 0.0, 0.0, 0.0, 0.0, 0.07922743397713836, 0.01931415057154119, 0.3236105636578636, 0.0, 0.29562475364603863, 0.0], [0.0, 0.010380622837370242, 0.0, 0.0, 0.009515570934256055, 0.0034602076124567475, 0.0, 0.0, 0.009515570934256055, 0.005190311418685121, 0.025086505190311418, 0.0, 0.0, 0.0017301038062283738, 0.0, 0.08217993079584775, 0.0, 0.0008650519031141869, 0.10034602076124567, 0.7517301038062284, 0.0, 0.0, 0.0], [0.0, 0.0, 0.0, 0.0, 0.009629272989889264, 0.0, 0.0, 0.0, 0.028406355320173327, 0.0, 0.0, 0.0, 0.0, 0.0, 0.0, 0.0, 0.0, 0.0, 0.14540202214732786, 0.27684159845931633, 0.0, 0.5387578237843043, 0.0009629272989889263], [0.0, 0.0033931168201648087, 0.0, 0.0, 0.1919534658264663, 0.0, 0.003877847794474067, 0.0, 0.003877847794474067, 0.0, 0.031992244304411055, 0.0, 0.0, 0.0, 0.0, 0.0, 0.0, 0.0, 0.07270964614638875, 0.692195831313621, 0.0, 0.0, 0.0], [0.0, 0.0, 0.0, 0.0, 0.0, 0.3337378640776699, 0.007281553398058253, 0.0, 0.012135922330097087, 0.0, 0.0, 0.0, 0.0, 0.0, 0.0, 0.14987864077669902, 0.3307038834951456, 0.014563106796116505, 0.15169902912621358, 0.0, 0.0, 0.0, 0.0], [0.0, 0.02043222003929273, 0.0003929273084479371, 0.0, 0.007858546168958742, 0.005108055009823182, 0.0, 0.0, 0.006286836935166994, 0.0, 0.1292730844793713, 0.01100196463654224, 0.0, 0.0, 0.0, 0.7135559921414538, 0.0, 0.0, 0.0412573673870334, 0.06483300589390963, 0.0, 0.0, 0.0], [0.0, 0.009943181818181818, 0.009943181818181818, 0.0, 0.009943181818181818, 0.028409090909090908, 0.0, 0.0, 0.017045454545454544, 0.0, 0.14204545454545456, 0.32386363636363635, 0.0, 0.0, 0.0, 0.2741477272727273, 0.0, 0.0, 0.13210227272727273, 0.052556818181818184, 0.0, 0.0, 0.0], [0.0, 0.006344171292624901, 0.0023790642347343376, 0.0, 0.0, 0.01586042823156225, 0.0, 0.0, 0.01586042823156225, 0.0, 0.5860428231562252, 0.08564631245043616, 0.0, 0.0, 0.0, 0.2712133227597145, 0.0, 0.0, 0.016653449643140365, 0.0, 0.0, 0.0, 0.0], [0.0, 0.007659574468085106, 0.005957446808510639, 0.0, 0.00425531914893617, 0.07234042553191489, 0.0, 0.0, 0.01702127659574468, 0.0, 0.18553191489361703, 0.4442553191489362, 0.0, 0.0, 0.00425531914893617, 0.09872340425531916, 0.0, 0.0, 0.16, 0.0, 0.0, 0.0, 0.0], [0.0, 0.10196987253765932, 0.0034762456546929316, 0.11587485515643106, 0.012746234067207415, 0.004634994206257242, 0.08227114716106605, 0.0, 0.009269988412514484, 0.023174971031286212, 0.0, 0.056778679026651215, 0.0, 0.0, 0.0, 0.0, 