{"cycle": [0, 5, 10, 15, 20, 25, 30, 35, 40, 45, 50], "att_reward_mean": [22.11000000000005, 23.609999999999992, 5.9599999999999955, 31.82499999999998, 7.054999999999976, 53.63499999999999, -50.63, -50.615, 14.164999999999969, 34.89, 51.16000000000001], "att_reward_std": [49.63758555772028, 63.44140524925344, 66.10205291819611, 62.21323713648086, 64.00068339478885, 61.19376009855908, 0.1926136028425815, 0.06538348415311103, 53.35565832224359, 55.253451475903304, 66.59494275093267], "def_reward_mean": [-5.75, -16.0875, -4.0, -21.075, 0.0125, -49.5125, 46.1875, 41.275, 6.475, -18.2875, -49.55], "def_reward_std": [55.82203865858, 66.61429440255299, 69.99330325109682, 71.10674633957034, 68.13880479396451, 65.20561109866236, 0.39429525738968757, 1.0923026137476737, 65.95509362437446, 68.73905708365514, 65.20628804034163], "att_win_rate": [0.5, 0.5, 0.35, 0.5, 0.35, 0.7, 0.0, 0.0, 0.3, 0.5, 0.75], "def_win_rate": [0.0, 0.0, 0.15, 0.0, 0.0, 0.0, 1.0, 1.0, 0.0, 0.0, 0.25], "timeout_rate": [0.5, 0.5, 0.5, 0.5, 0.65, 0.3, 0.0, 0.0, 0.7, 0.5, 0.0], "mean_ep_len": [177.0, 135.65, 137.0, 115.7, 140.05, 82.95, 4.75, 4.1, 146.9, 126.85, 57.8], "availability": [1.0, 1.0, 1.0, 1.0, 1.0, 1.0, 1.0, 1.0, 1.0, 1.0, 1.0], "trap_trigger_rate": [0.0, 0.0, 0.15, 0.0, 0.0, 0.0, 1.0, 1.0, 0.0, 0.0, 0.25], "port_close_freq": [0.0, 0.0, 0.0, 0.0, 0.0, 0.0, 0.0, 0.0, 0.0, 0.0, 0.0], "false_positive_rate": [0.0, 0.0, 0.0, 0.0, 0.0, 0.0, 0.0, 0.0, 0.0, 0.0, 0.0], "att_entropy": [1.6290802935299205, 1.4272889252890792, 1.3682563621899568, 1.5649510666668336, 0.029566567759288974, 1.082179949188836, 1.0714934698238399, 1.2907206460940246, 1.072020361307402, 1.7297704891369072, 0.9430652296067077], "def_entropy": [0.45868731128628304, 0.93161166557445, 1.0483960864834407, 1.1698632325508715, 0.6687140952290711, 1.6671171500520832, 1.7627429980191134, 1.5897956689101873, 1.2051908314395718, 1.2405737064075317, 1.346867613289361], "att_action_dist": [[0.0, 0.23163841807909605, 0.0, 0.0, 0.0, 0.0, 0.0, 0.0, 0.0, 0.0, 0.03898305084745763, 0.0, 0.1268361581920904, 0.0, 0.18418079096045198, 0.3220338983050847, 0.0, 0.0, 0.0, 0.0, 0.0, 0.09632768361581921, 0.0], [0.0, 0.007371913011426466, 0.005160339107998526, 0.0, 0.0, 0.0, 0.0, 0.0, 0.04201990416513085, 0.0, 0.0, 0.0, 0.0, 0.0, 0.10541835606339846, 0.37301879837817914, 0.34316255068190193, 0.0, 0.0, 0.12384813859196461, 0.0, 0.0, 0.0], [0.0010948905109489052, 0.0, 0.0, 0.0, 0.0, 0.0, 0.0, 0.0, 0.004379562043795621, 0.0010948905109489052, 0.0, 0.0, 0.0, 0.0, 0.0, 0.3624087591240876, 0.1427007299270073, 0.0, 0.0, 0.0, 0.0, 0.2105839416058394, 0.27773722627737224], [0.0, 0.007778738115816767, 0.13915298184961106, 0.0, 0.0, 0.0, 0.0, 0.0, 0.27744165946413135, 0.004753673292999135, 0.0, 0.0, 0.0, 0.0, 0.0, 0.2878133102852204, 0.21521175453759722, 0.0, 0.0, 0.0, 0.0, 0.0, 0.06784788245462403], [0.0, 0.0046411995715815784, 0.0, 0.0, 0.0, 0.0, 0.0, 0.0, 0.0, 0.0, 0.0, 0.0, 0.0, 0.0, 0.0, 0.0, 0.9953588004284184, 0.0, 0.0, 0.0, 0.0, 0.0, 0.0], [0.0, 0.01567209162145871, 0.0, 0.0, 0.0, 0.0, 0.003616636528028933, 0.0, 0.007836045810729355, 0.0, 0.0, 0.0, 0.0, 0.0, 0.0, 0.0, 0.2977697408077155, 0.0, 0.13140446051838456, 0.543701024713683, 0.0, 0.0, 0.0], [0.0, 0.24210526315789474, 0.0, 0.0, 0.0, 0.0, 0.0, 0.43157894736842106, 0.0, 0.0, 0.0, 0.0, 0.0, 0.0, 0.0, 0.0, 0.0, 0.0, 0.0, 0.3263157894736842, 0.0, 0.0, 0.0], [0.0, 0.10975609756097561, 0.0, 0.0, 0.0, 0.0, 0.0, 0.0, 0.0, 0.0, 0.0, 0.0, 0.0, 0.0, 0.0, 0.0, 0.3902439024390244, 0.0, 0.0, 0.3048780487804878, 0.0, 0.1951219512195122, 0.0], [0.0, 0.06807351940095303, 0.0, 0.0, 0.0003403675970047651, 0.0, 0.002722940776038121, 0.6902654867256637, 0.0, 0.0, 0.0, 0.0, 0.0, 0.0, 0.0, 0.0, 0.0010211027910142954, 0.0013614703880190605, 0.0, 0.09019741320626276, 0.0, 0.08032675289312458, 0.06569094622191968], [0.0, 0.12061489948758376, 0.0, 0.0, 0.0011824990145841545, 0.00039416633819471815, 0.0, 0.0035474970437524636, 0.09184075679936933, 0.0, 0.033504138746551046, 0.031139140717382736, 0.0, 0.0, 0.0, 0.0, 0.0, 0.07922743397713836, 0.01931415057154119, 0.3236105636578636, 0.0, 0.29562475364603863, 0.0], [0.0, 0.010380622837370242, 0.0, 0.0, 0.009515570934256055, 0.0034602076124567475, 0.0, 0.0, 0.009515570934256055, 0.005190311418685121, 0.025086505190311418, 0.0, 0.0, 0.0017301038062283738, 0.0, 0.08217993079584775, 0.0, 0.0008650519031141869, 0.10034602076124567, 0.7517301038062284, 0.0, 0.0, 0.0]],