{"cycle": [0, 5, 10, 15, 20, 25, 30, 35, 40, 45, 50, 55, 60, 65, 70, 75, 80, 85, 90, 95, 100], "att_reward_mean": [-14.69999999999998, -5.610000000000013, -18.249999999999975, -41.52, -34.16499999999999, -4.75, -48.470000000000006, -39.010000000000005, -26.110000000000003, 20.520000000000014, 39.970000000000006, 55.460000000000015, -19.295000000000005, -54.665, -51.10000000000011, -57.84999999999998, -15.555000000000007, 18.570000000000004, -53.475, -68.25500000000002, -51.040000000000006], "att_reward_std": [3.7529988009590447, 44.36453425879731, 6.280087579007144, 33.138038565974306, 21.54767446848964, 3.429358540602015, 10.960342147944106, 33.661311620315686, 43.698946211550684, 47.709931880060346, 60.55390243411236, 62.92889956133032, 58.390594062742665, 5.9906823484474625, 87.3787273883067, 21.179105269108945, 62.271730945911564, 74.79558877367033, 4.613553402747171, 42.11781659820461, 0.47159304490206405], "def_reward_mean": [-893.3599999999999, 28.462499999999995, 45.75, 38.91250000000001, 45.20250000000001, 35.00000000000001, 63.90000000000001, 33.21500000000001, 46.8125, -4.124999999999995, -37.2375, -61.875, 4.285000000000016, 43.08500000000001, 14.610000000000008, 45.955, 6.7800000000000065, -24.3875, 44.997499999999995, 45.6075, 45.9], "def_reward_std": [70.70189813576435, 51.27135378308242, 2.3848480035423614, 31.303282076325473, 12.304638099107182, 1.5888218580782547e-15, 10.353260356042437, 27.023638263564735, 41.35062537314278, 58.983498751769545, 69.36806158997094, 63.24374969117502, 61.03079366188842, 9.02748719190451, 67.62358797047078, 4.093833777768707, 58.94867131666328, 72.80687102705348, 1.5003728703225714, 3.8807626505623856, 1.04618354030256], "att_win_rate": [0.0, 0.15, 0.0, 0.05, 0.0, 0.0, 0.0, 0.05, 0.1, 0.3, 0.55, 0.75, 0.2, 0.0, 0.25, 0.0, 0.25, 0.5, 0.0, 0.0, 0.0], "def_win_rate": [0.0, 0.0, 0.0, 0.85, 0.55, 0.0, 0.95, 0.85, 0.65, 0.0, 0.15, 0.15, 0.7, 1.0, 0.7, 0.95, 0.7, 0.5, 1.0, 1.0, 1.0], "timeout_rate": [1.0, 0.85, 1.0, 0.1, 0.45, 1.0, 0.05, 0.1, 0.25, 0.7, 0.3, 0.1, 0.1, 0.0, 0.05, 0.05, 0.05, 0.0, 0.0, 0.0, 0.0], "mean_ep_len": [200.0, 173.85, 200.0, 55.65, 131.85, 200.0, 147.6, 50.1, 154.25, 163.5, 87.05, 68.5, 41.1, 16.1, 74.0, 22.3, 28.2, 32.45, 3.35, 19.35, 5.2], "availability": [1.0, 1.0, 1.0, 1.0, 1.0, 1.0, 1.0, 1.0, 1.0, 1.0, 1.0, 1.0, 1.0, 1.0, 1.0, 1.0, 1.0, 1.0, 1.0, 1.0, 1.0], "trap_trigger_rate": [0.0, 0.0, 0.0, 0.85, 0.55, 0.0, 0.95, 0.85, 0.65, 0.0, 0.15, 0.15, 0.7, 1.0, 0.7, 0.95, 0.7, 0.5, 1.0, 1.0, 1.0], "port_close_freq": [0.0, 0.0, 0.0, 0.0, 0.0, 0.0, 0.0, 0.0, 0.0, 0.0, 0.0, 0.0, 0.0, 0.0, 0.0, 0.0, 0.0, 0.0, 0.0, 0.0, 0.0], "false_positive_rate": [0.0, 0.0, 0.0, 0.0, 0.0, 0.0, 0.0, 0.0, 0.0, 0.0, 0.0, 0.0, 0.0, 0.0, 0.0, 0.0, 0.0, 0.0, 0.0, 0.0, 0.0], "att_entropy": [1.7516565773789623, 1.6015744944639616, 1.4290170732718261, 1.7354083102095301, 1.4250578254190875, 0.7723832272390783, 0.1925232556601394, 0.8848993514447686, 0.5401108714235945, 1.3335232881128287, 1.5777945821980215, 2.058646092991449, 2.0548571458816562, 1.615743002462203, 1.6342961332263466, 1.9940708977770827, 0.3512933701126655, 0.301440537287053, 1.2594562316793534, 1.1449940587880958, 0.8280028550873187], "def_entropy": [0.23078513061350286, 0.3741736571730824, 0.6408659263141273, 0.594748436564581, 0.8392338494376365, 1.189142125905911, 1.5575106190679768, 1.5956720041407162, 1.4775180526677287, 0.9326346884107328, 1.2833097219823149, 1.265791763718127, 1.9760247651535399, 1.4563828089008144, 1.4034887636237983, 1.2260158578980735, 0.8657266909767202, 0.6429806365830918, 1.8132825516322524, 1.0845975395558025, 1.4900925624951848], "att_action_dist": [[0.00325, 0.0285, 0.208, 0.01825, 0.04225, 0.00175, 0.207, 0.02175, 0.0125, 0.00175, 0.00025, 0.0, 0.09, 0.0, 0.0, 0.0, 0.0, 0.0, 0.00475, 0.0, 0.0, 0.36, 0.0], [0.0, 0.005752085130859937, 0.0, 0.004889272361230946, 0.0014380212827149843, 0.0005752085130859936, 0.0, 0.0014380212827149843, 0.0002876042565429968, 0.18234109864825998, 0.0, 0.03393730227207363, 0.0, 0.030486051193557663, 0.0, 0.3275812482024734, 0.09577221742881795, 0.0, 0.0008628127696289905, 0.005752085130859937, 0.0, 0.3088869715271786, 0.0], [0.0, 0.006, 0.0, 0.01025, 0.0, 0.004, 0.0, 0.04475, 0.0585, 0.0, 0.0, 0.0, 0.24875, 0.0, 0.00025, 0.0, 0.0, 0.0065, 0.00375, 0.0, 0.0, 0.482, 0.13525], [0.0, 0.012578616352201259, 0.0, 0.013477088948787063, 0.0035938903863432167, 0.006289308176100629, 0.0, 0.18418688230008984, 0.14645103324348607, 0.0, 0.0071877807726864335, 0.0071877807726864335, 0.009883198562443846, 0.0017969451931716084, 0.017070979335130278, 0.006289308176100629, 0.014375561545372867, 0.030548068283917342, 0.0035938903863432167, 0.07996406109613657, 0.0, 0.4555256064690027, 0.0], [0.07129313613955252, 0.0030337504740235114, 0.0015168752370117557, 0.020098596890405763, 0.0701554797117937, 0.0, 0.01478953356086462, 0.005309063329541145, 0.0026545316647705727, 0.0003792188092529389, 0.05688282138794084, 0.0015168752370117557, 0.03261281759575275, 0.0015168752370117557, 0.005309063329541145, 0.0003792188092529389, 0.010238907849829351, 0.03147516116799393, 0.0007584376185058779, 0.017444065225635193, 0.0, 0.6526355707243079, 0.0], [0.00075, 0.04775, 0.0, 0.01, 0.01525, 0.01125, 0.0015, 0.005, 0.00225, 0.00325, 0.0, 0.0, 0.00175, 0.0, 0.00275, 0.0, 0.011, 0.0005, 0.00025, 0.054, 0.0, 0.83275, 0.0], [0.0, 0.0, 0.0, 0.005758807588075881, 0.0, 0.0, 0.0, 0.00033875338753387534, 0.0, 0.0, 0.0, 0.0, 0.0010162601626016261, 0.0, 0.022018970189701895, 0.006775067750677507, 0.0, 0.0, 0.0, 0.0, 0.0, 0.9640921409214093, 0.0], [0.0, 0.0029940119760479044, 0.0, 0.0, 0.001996007984031936, 0.05189620758483034, 0.0029940119760479044, 0.021956087824351298, 0.03592814371257485, 0.0, 0.010978043912175649, 0.0, 0.00499001996007984, 0.0688622754491018, 0.006986027944111776, 0.0, 0.0, 0.0, 0.0, 0.0, 0.0, 0.7904191616766467, 0.0], [0.0, 0.0, 0.004213938411669368, 0.019448946515397084, 0.0, 0.0, 0.0016207455429497568, 0.0, 0.0, 0.0, 0.0, 0.00032414910858995135, 0.0, 0.0593192868719611, 0.0, 0.0, 0.0, 0.04473257698541329, 0.0, 0.0, 0.0, 0.8703403565640194, 0.0], [0.18226299694189602, 0.0, 0.0, 0.0, 0.0006116207951070336, 0.0, 0.0027522935779816515, 0.18685015290519877, 0.0, 0.0, 0.0015290519877675841, 0.0, 0.0, 0.0061162079510703364, 0.0, 0.0, 0.0009174311926605505, 0.057186544342507646, 0.0327217125382263, 0.005198776758409786, 0.0, 0.5238532110091743, 0.0], [0.01723147616312464, 0.0, 0.0034462952326249283, 0.0022975301550832855, 0.0, 0.017805858701895463, 0.0, 0.33026995979322227, 0.0, 0.0, 0.010338885697874785, 0.0, 0.1183228029867892, 0.0017231476163124641, 0.026995979322228605, 0.0, 0.015508328546812177, 0.07352096496266514, 0.0005743825387708214, 0.0, 0.0, 0.3819643882825962, 0.0], [0.0, 0.0, 0.11313868613138686, 0.0, 0.0072992700729927005, 0.00072992700729927, 0.0, 0.0, 0.0, 0.0, 0.1759124087591241, 0.0, 0.18394160583941604, 0.0, 0.06204379562043796, 0.00291970802919708, 0.042335766423357665, 0.1854014598540146, 0.15401459854014599, 0.0051094890510948905, 0.0, 0.060583941605839416, 0.006569343065693431], [0.0012165450121654502, 0.0, 0.006082725060827251, 0.0, 0.0364963503649635, 0.0012165450121654502, 0.0024330900243309003, 0.0, 0.10583941605839416, 0.14963503649635038, 0.12652068126520682, 0.0, 0.03527980535279805, 0.0, 0.049878345498783457, 0.0012165450121654502, 0.045012165450121655, 0.09245742092457421, 0.0024330900243309003, 0.01824817518248175, 0.0, 0.3260340632603406, 0.0], [0.0, 0.0, 0.034161490683229816, 0.0, 0.062111801242236024, 0.0, 0.0, 0.0, 0.0, 0.5279503105590062, 0.10248447204968944, 0.0, 0.08074534161490683, 0.0, 0.09006211180124224, 0.0, 0.0, 0.046583850931677016, 0.0, 0.040372670807453416, 0.015527950310559006, 0.0, 0.0], [0.0, 0.0, 0.008108108108108109, 0.0, 0.013513513513513514, 0.002702702702702703, 0.0, 0.0, 0.0, 0.0, 0.35202702702702704, 0.0, 0.002027027027027027, 0.0, 0.012837837837837839, 0.0, 0.0, 0.15472972972972973, 0.0, 0.016891891891891893, 0.06351351351351352, 0.07297297297297298, 