{"cycle": [0, 5, 10, 15, 20, 25, 30, 35, 40, 45, 50], "att_reward_mean": [-14.69999999999998, -5.610000000000013, -18.249999999999975, -41.52, -34.16499999999999, -4.75, -48.470000000000006, -39.010000000000005, -26.110000000000003, 20.520000000000014, 39.970000000000006], "att_reward_std": [3.7529988009590447, 44.36453425879731, 6.280087579007144, 33.138038565974306, 21.54767446848964, 3.429358540602015, 10.960342147944106, 33.661311620315686, 43.698946211550684, 47.709931880060346, 60.55390243411236], "def_reward_mean": [-893.3599999999999, 28.462499999999995, 45.75, 38.91250000000001, 45.20250000000001, 35.00000000000001, 63.90000000000001, 33.21500000000001, 46.8125, -4.124999999999995, -37.2375], "def_reward_std": [70.70189813576435, 51.27135378308242, 2.3848480035423614, 31.303282076325473, 12.304638099107182, 1.5888218580782547e-15, 10.353260356042437, 27.023638263564735, 41.35062537314278, 58.983498751769545, 69.36806158997094], "att_win_rate": [0.0, 0.15, 0.0, 0.05, 0.0, 0.0, 0.0, 0.05, 0.1, 0.3, 0.55], "def_win_rate": [0.0, 0.0, 0.0, 0.85, 0.55, 0.0, 0.95, 0.85, 0.65, 0.0, 0.15], "timeout_rate": [1.0, 0.85, 1.0, 0.1, 0.45, 1.0, 0.05, 0.1, 0.25, 0.7, 0.3], "mean_ep_len": [200.0, 173.85, 200.0, 55.65, 131.85, 200.0, 147.6, 50.1, 154.25, 163.5, 87.05], "availability": [1.0, 1.0, 1.0, 1.0, 1.0, 1.0, 1.0, 1.0, 1.0, 1.0, 1.0], "trap_trigger_rate": [0.0, 0.0, 0.0, 0.85, 0.55, 0.0, 0.95, 0.85, 0.65, 0.0, 0.15], "port_close_freq": [0.0, 0.0, 0.0, 0.0, 0.0, 0.0, 0.0, 0.0, 0.0, 0.0, 0.0], "false_positive_rate": [0.0, 0.0, 0.0, 0.0, 0.0, 0.0, 0.0, 0.0, 0.0, 0.0, 0.0], "att_entropy": [1.7516565773789623, 1.6015744944639616, 1.4290170732718261, 1.7354083102095301, 1.4250578254190875, 0.7723832272390783, 0.1925232556601394, 0.8848993514447686, 0.5401108714235945, 1.3335232881128287, 1.5777945821980215], "def_entropy": [0.23078513061350286, 0.3741736571730824, 0.6408659263141273, 0.594748436564581, 0.8392338494376365, 1.189142125905911, 1.5575106190679768, 1.5956720041407162, 1.4775180526677287, 0.9326346884107328, 1.2833097219823149], "att_action_dist": [[0.00325, 0.0285, 0.208, 0.01825, 0.04225, 0.00175, 0.207, 0.02175, 0.0125, 0.00175, 0.00025, 0.0, 0.09, 0.0, 0.0, 0.0, 0.0, 0.0, 0.00475, 0.0, 0.0, 0.36, 0.0], [0.0, 0.005752085130859937, 0.0, 0.004889272361230946, 0.0014380212827149843, 0.0005752085130859936, 0.0, 0.0014380212827149843, 0.0002876042565429968, 0.18234109864825998, 0.0, 0.03393730227207363, 0.0, 0.030486051193557663, 0.0, 0.3275812482024734, 0.09577221742881795, 0.0, 0.0008628127696289905, 0.005752085130859937, 0.0, 0.3088869715271786, 0.0], [0.0, 0.006, 0.0, 0.01025, 0.0, 0.004, 0.0, 0.04475, 0.0585, 0.0, 0.0, 0.0, 0.24875, 0.0, 0.00025, 0.0, 0.0, 0.0065, 0.00375, 0.0, 0.0, 0.482, 0.13525], [0.0, 0.012578616352201259, 0.0, 0.013477088948787063, 0.0035938903863432167, 0.006289308176100629, 0.0, 0.18418688230008984, 0.14645103324348607, 0.0, 0.0071877807726864335, 0.0071877807726864335, 0.009883198562443846, 0.0017969451931716084, 0.017070979335130278, 0.006289308176100629, 0.014375561545372867, 0.030548068283917342, 0.0035938903863432167, 0.07996406109613657, 0.0, 0.4555256064690027, 0.0], [0.07129313613955252, 0.0030337504740235114, 0.0015168752370117557, 0.020098596890405763, 0.0701554797117937, 0.0, 0.01478953356086462, 0.005309063329541145, 0.0026545316647705727, 0.0003792188092529389, 0.05688282138794084, 0.0015168752370117557, 0.03261281759575275, 0.0015168752370117557, 0.005309063329541145, 0.0003792188092529389, 0.010238907849829351, 0.03147516116799393, 0.0007584376185058779, 0.017444065225635193, 0.0, 0.6526355707243079, 0.0], [0.00075, 0.04775, 0.0, 0.01, 0.01525, 0.01125, 0.0015, 0.005, 0.00225, 0.00325, 0.0, 0.0, 0.00175, 0.0, 0.00275, 0.0, 0.011, 0.0005, 0.00025, 0.054, 0.0, 0.83275, 0.0], [0.0, 0.0, 0.0, 0.005758807588075881, 0.0, 0.0, 0.0, 0.00033875338753387534, 0.0, 0.0, 0.0, 0.0, 0.0010162601626016261, 0.0, 0.022018970189701895, 0.006775067750677507, 0.0, 0.0, 0.0, 0.0, 0.0, 0.9640921409214093, 0.0], [0.0, 0.0029940119760479044, 0.0, 0.0, 0.001996007984031936, 0.05189620758483034, 0.0029940119760479044, 0.021956087824351298, 0.03592814371257485, 0.0, 0.010978043912175649, 0.0, 0.00499001996007984, 0.0688622754491018, 0.006986027944111776, 0.0, 0.0, 0.0, 0.0, 0.0, 0.0, 0.7904191616766467, 0.0], [0.0, 0.0, 0.004213938411669368, 0.019448946515397084, 0.0, 0.0, 0.0016207455429497568, 0.0, 0.0, 0.0, 0.0, 0.00032414910858995135, 0.0, 0.0593192868719611, 0.0, 0.0, 0.0, 0.04473257698541329, 0.0, 0.0, 0.0, 0.8703403565640194, 0.0], [0.18226299694189602, 0.0, 0.0, 0.0, 0.0006116207951070336, 0.0, 0.0027522935779816515, 0.18685015290519877, 0.0, 0.0, 0.0015290519877675841, 0.0, 0.0, 0.0061162079510703364, 0.0, 0.0, 0.0009174311926605505, 0.057186544342507646, 0.0327217125382263, 0.005198776758409786, 0.0, 0.5238532110091743, 0.0], [0.01723147616312464, 0.0, 0.0034462952326249283, 0.0022975301550832855, 0.0, 0.017805858701895463, 0.0, 0.33026995979322227, 0.0, 0.0, 0.010338885697874785, 0.0, 0.1183228029867892, 0.0017231476163124641, 0.026995979322228605, 0.0, 0.015508328546812177, 0.07352096496266514, 0.0005743825387708214, 0.0, 0.0, 0.3819643882825962, 0.0]],