{"cycle": [0, 5, 10, 15, 20, 25, 30, 35, 40, 45, 50, 55, 60, 65, 70, 75, 80, 85, 90, 95, 100], "att_reward_mean": [13.72999999999999, -50.74000000000001, -20.100000000000016, 32.930000000000014, 30.599999999999987, 25.12999999999999, 75.535, 34.37, 40.750000000000014, 79.745, 69.24500000000003, 75.90499999999999, 87.25499999999998, 82.17999999999998, 88.01499999999999, 51.85999999999999, 68.725, 64.26499999999999, 62.515, 86.74499999999999, 80.52499999999999], "att_reward_std": [65.82170690585288, 0.11135528725660054, 0.0, 54.949040937945384, 56.33516663683528, 55.27765461739491, 38.951101075579366, 68.01283040721067, 56.67537825193585, 39.84490525776163, 43.70137841075496, 44.04994296250563, 25.079044539216405, 35.08567513957799, 25.611077193277143, 63.49208927102651, 48.83382920681114, 52.550911267075094, 51.59416900193277, 26.107958077950126, 38.09864662950641], "def_reward_mean": [-7.1625, 36.1, 50.0, -13.8125, -13.375, -6.3625, -70.89500000000001, -36.307500000000005, -32.65, -76.9125, -70.8225, -71.91499999999999, -84.08, -83.3275, -85.1125, -53.55, -62.9125, -56.75, -55.075, -83.1375, -77.075], "def_reward_std": [70.03321868049477, 0.27838821814150105, 0.0, 70.58164045096997, 70.07895101241171, 69.03583648185918, 42.91133853656863, 64.99375792143427, 61.703646569712554, 42.39828084663339, 44.4015835162441, 51.16021916489412, 30.986966615014122, 41.10391245064149, 31.09446041901998, 65.3368961613574, 56.157884297309494, 61.16759763142574, 60.3035602182823, 30.814614531906773, 42.4635211093004], "att_win_rate": [0.4, 0.0, 0.0, 0.45, 0.45, 0.4, 0.9, 0.6, 0.65, 0.9, 0.9, 0.85, 0.95, 0.9, 0.95, 0.7, 0.8, 0.75, 0.75, 0.95, 0.9], "def_win_rate": [0.0, 1.0, 0.0, 0.0, 0.0, 0.0, 0.0, 0.35, 0.0, 0.0, 0.1, 0.0, 0.0, 0.0, 0.0, 0.2, 0.05, 0.1, 0.05, 0.0, 0.0], "timeout_rate": [0.6, 0.0, 1.0, 0.55, 0.55, 0.6, 0.1, 0.05, 0.35, 0.1, 0.0, 0.15, 0.05, 0.1, 0.05, 0.1, 0.15, 0.15, 0.2, 0.05, 0.1], "mean_ep_len": [131.35, 4.4, 200.0, 124.75, 126.5, 134.55, 76.5, 44.85, 129.4, 52.35, 83.35, 54.5, 44.0, 49.85, 39.55, 46.8, 59.35, 55.0, 70.7, 47.45, 51.7], "availability": [1.0, 1.0, 1.0, 1.0, 1.0, 1.0, 1.0, 1.0, 1.0, 1.0, 1.0, 1.0, 1.0, 1.0, 1.0, 1.0, 1.0, 1.0, 1.0, 1.0, 1.0], "trap_trigger_rate": [0.0, 1.0, 0.0, 0.0, 0.0, 0.0, 0.0, 0.35, 0.0, 0.0, 0.1, 0.0, 0.0, 0.0, 0.0, 0.2, 0.05, 0.1, 0.05, 0.0, 0.0], "port_close_freq": [0.0, 0.0, 0.0, 0.0, 0.0, 0.0, 0.0, 0.0, 0.0, 0.0, 0.0, 0.0, 0.0, 0.0, 0.0, 0.0, 0.0, 0.0, 0.0, 0.0, 0.0], "false_positive_rate": [0.0, 0.0, 0.0, 0.0, 0.0, 0.0, 0.0, 0.0, 0.0, 0.0, 0.0, 0.0, 0.0, 0.0, 0.0, 0.0, 0.0, 0.0, 0.0, 0.0, 0.0], "att_entropy": [-1.000000082690371e-10, 1.0594782923538544, 0.7464177934112168, 0.9578524972408531, 0.5795929228752879, 0.3362864255498066, 1.2461143570039073, 1.7023873124276336, 0.721071398464987, 1.45444613489444, 1.3788341588982054, 1.5896938483867449, 1.4694278585524474, 1.6000649383852035, 1.8198913596049286, 1.8536997231172767, 1.329845716986492, 1.731286111387252, 1.274908022877261, 2.150225780378599, 1.574709637249625], "def_entropy": [1.5590129298635147, 1.5918341348130707, 1.162045628392899, 1.2476597646886582, 0.11340729233076925, 0.557095079922696, 0.9163379999756236, 1.790980692531769, 0.11709616288151597, 1.3632526769544437, 1.7209408338343437, 1.3598015354666892, 0.7666475509266263, 1.3149803477291238, 0.5805790308390104, 1.4994782535168585, 1.3140963004828383, 1.3355214133674704, 0.9438435799368455, 1.241884548169231, 0.7878597255826291], "att_action_dist": [[0.0, 0.0, 0.0, 0.0, 0.0, 0.0, 0.0, 0.0, 0.0, 0.0, 0.0, 0.0, 0.0, 1.0, 0.0, 0.0, 0.0, 0.0, 0.0, 0.0, 0.0, 0.0, 0.0], [0.0, 0.0, 0.0, 0.0, 0.0, 0.0, 0.3181818181818182, 0.0, 0.0, 0.0, 0.0, 0.0, 0.0, 0.22727272727272727, 0.0, 0.0, 0.0, 0.0, 0.0, 0.45454545454545453, 0.0, 0.0, 0.0], [0.0, 0.0, 0.0, 0.005, 0.0, 0.53175, 0.45825, 0.0, 0.0, 0.0, 0.0, 0.0, 0.0, 0.005, 0.0, 0.0, 0.0, 0.0, 0.0, 0.0, 0.0, 0.0, 0.0], [0.0, 0.682565130260521, 0.0, 0.0, 0.0, 0.0, 0.0, 0.0, 0.0036072144288577155, 0.0, 0.0, 0.07374749498997996, 0.0, 0.0, 0.0, 0.0, 0.06693386773547094, 0.0, 0.0, 0.0, 0.0, 0.17314629258517034, 0.0], [0.0, 0.8359683794466403, 0.0, 0.0, 0.0, 0.0, 0.0, 0.0, 0.0035573122529644267, 0.0, 0.0, 0.12213438735177866, 0.0, 0.0, 0.0, 0.0, 0.0011857707509881424, 0.02608695652173913, 0.0, 0.0, 0.0, 0.011067193675889328, 0.0], [0.0, 0.8948346339650688, 0.0, 0.0, 0.0, 0.0, 0.0, 0.0, 0.0, 0.0, 0.0, 0.10516536603493125, 0.0, 0.0, 0.0, 0.0, 0.0, 0.0, 0.0, 0.0, 0.0, 0.0, 0.0], [0.0, 0.09934640522875816, 0.0, 0.0, 0.0, 0.0, 0.0, 0.0, 0.0058823529411764705, 0.00392156862745098, 0.0, 0.20130718954248367, 0.0, 0.0, 0.0, 0.0, 0.5189542483660131, 0.0, 0.0, 0.17058823529411765, 0.0, 0.0, 0.0], [0.0, 0.14715719063545152, 0.0, 0.022296544035674472, 0.0011148272017837235, 0.0, 0.0, 0.0, 0.007803790412486065, 0.008918617614269788, 0.0, 0.045707915273132664, 0.0, 0.21070234113712374, 0.10033444816053512, 0.0, 0.3890746934225195, 0.0, 0.0, 0.06688963210702341, 0.0, 0.0, 0.0], [0.0, 0.12171561051004637, 0.0, 0.0, 0.0, 0.0, 0.0, 0.0, 0.0, 0.004250386398763524, 0.0, 0.02704791344667697, 0.0, 0.0, 0.0, 0.0, 0.7921174652241113, 0.0, 0.0, 0.05486862442040186, 0.0, 0.0, 0.0], [0.0, 0.019102196752626553, 0.0028653295128939827, 0.004775549188156638, 0.0, 0.0, 0.0, 0.0, 0.008595988538681949, 0.0057306590257879654, 0.0, 0.32951289398280803, 0.0, 0.0009551098376313276, 0.37249283667621774, 0.0, 0.1356255969436485, 0.0, 0.0, 0.12034383954154727, 0.0, 0.0, 0.0], [0.004799040191961607, 0.003599280143971206, 0.002999400119976005, 0.057588482303539294, 0.0005998800239952009, 0.004799040191961607, 0.0, 0.0011997600479904018, 0.00599880023995201, 0.007798440311937612, 0.029994001199760048, 0.029394121175764846, 0.0, 0.04859028194361128, 0.0005998800239952009, 0.0005998800239952009, 0.590881823635273, 0.0, 0.0, 0.20035992801439712, 0.0, 0.010197960407918417, 0.0], [0.0, 0.007339449541284404, 0.0027522935779816515, 0.23944954128440368, 0.0, 0.0, 0.0009174311926605505, 0.0, 0.06788990825688074, 0.012844036697247707, 0.0, 0.03761467889908257, 0.0, 0.05596330275229358, 0.0, 0.0, 0.16788990825688074, 0.0, 0.0, 0.4073394495412844, 0.0, 0.0, 0.0], [0.0, 0.2125, 0.0022727272727272726, 0.005681818181818182, 0.0011363636363636363, 0.0, 0.0, 0.0, 0.006818181818181818, 0.011363636363636364, 0.0, 0.10454545454545454, 0.0, 0.0, 0.035227272727272725, 0.0, 0.4602272727272727, 0.0, 0.0, 0.16022727272727272, 0.0, 0.0, 0.0], [0.0, 0.0, 0.0, 0.010030090270812437, 0.011033099297893681, 0.0, 0.0, 0.0, 0.0050150451354062184, 0.316950852557673, 0.0, 0.0, 0.0, 0.08224674022066199, 0.08826479438314945, 0.0, 0.3711133400200602, 0.0, 0.0, 0.0712136409227683, 0.0, 0.044132397191574725, 0.0], [0.0, 0.0695322376738306, 0.0012642225031605564, 0.020227560050568902, 0.029077117572692796, 0.0, 0.0, 0.0, 0.09987357774968394, 0.01390644753476612, 0.0, 0.0, 0.0, 0.08723135271807839, 0.11757269279393173, 0.0, 0.36030341340075855, 0.0, 0.0, 0.20101137800252844, 0.0, 0.0, 0.0], [0.0010683760683760685, 0.0010683760683760685, 0.0, 0.010683760683760684, 0.16880341880341881, 0.0, 0.0, 0.0, 0.002136752136752137, 0.02564102564102564, 0.1955128205128205, 0.0, 0.0, 0.10256410256410256, 0.12606837606837606, 0.0, 0.03311965811965812, 0.0, 0.0, 0.3076923076923077, 0.0, 0.02564102564102564, 0.0], [0.0, 0.0, 0.0, 0.003369839932603201, 0.009267059814658803, 0.0, 0.0, 0.0, 0.003369839932603201, 0.5054759898904801, 0.0, 0.0, 0.0, 0.03201347935973041, 0.08930075821398484, 0.0, 0.09772535804549284, 0.0, 0.0, 0.2594776748104465, 0.0, 0.0, 0.0], [0.016363636363636365, 0.0009090909090909091, 0.0018181818181818182, 0.005454545454545455, 0.013636363636363636, 0.0, 0.0, 0.0, 0.004545454545454545, 0.17272727272727273, 0.17363636363636364, 0.0018181818181818182, 0.0, 0.0, 0.15545454545454546, 0.0, 0.02727272727272727, 0.0, 0.0, 0.05545454545454546, 0.0, 0.3709090909090909, 0.0], [0.009900990099009901, 0.0, 0.0, 0.004243281471004243, 0.5594059405940595, 0.0, 0.0, 0.0, 0.0, 0.014144271570014143, 0.1958981612446959, 0.0, 0.0, 0.026874115983026876, 