{"cycle": [0, 5, 10, 15, 20, 25, 30, 35, 40, 45, 50, 55, 60, 65, 70, 75, 80, 85, 90, 95, 100], "att_reward_mean": [27.769999999999992, 22.80500000000001, -20.00000000000001, 6.594999999999986, 67.19999999999999, -36.480000000000004, 13.799999999999983, 0.5899999999999779, 13.85999999999998, 80.9, 93.45500000000001, -29.105, 93.355, 78.89999999999999, 83.105, 80.405, 71.30499999999999, 40.230000000000004, 42.85499999999999, 68.845, 91.84], "att_reward_std": [67.78056579875977, 78.5038118501261, 3.552713678800501e-15, 70.27473568075514, 53.58979380441766, 41.01626019031965, 65.9033838281465, 62.01088533475394, 65.97966656478343, 39.971452312869495, 2.7654068416780917, 51.537689849274386, 2.172895533614077, 43.41348868727322, 32.4189215582505, 38.835350841726665, 51.41513857804917, 59.44823883009489, 59.04942400227121, 47.92752314693513, 4.051345455524613], "def_reward_mean": [-22.2125, -83.328125, 50.0, -6.175, -63.875, 32.595, -7.26, 6.7625, -7.775000000000006, -78.93750000000001, -91.6875, 18.630000000000003, -91.5625, -95.00937499999999, -77.8875, -77.275, -73.925, -33.875, -35.9, -62.45, -89.3], "def_reward_std": [72.22799297190807, 70.88506981760598, 0.0, 75.05935567935552, 56.99597025229065, 39.666165998240864, 70.12627467647201, 66.05903964447258, 69.86325124842101, 41.318182665141485, 3.516812299512159, 52.91462085284179, 2.7270347907571697, 45.35791532270718, 42.773931532535094, 42.546217516954435, 50.84105747326662, 62.63966894069604, 63.70559237617997, 56.41567822866264, 6.036141151431102], "att_win_rate": [0.5, 0.55, 0.0, 0.4, 0.8, 0.1, 0.4, 0.3, 0.4, 0.9, 1.0, 0.15, 1.0, 0.9, 0.9, 0.9, 0.85, 0.65, 0.65, 0.8, 1.0], "def_win_rate": [0.0, 0.45, 0.0, 0.35, 0.0, 0.85, 0.0, 0.0, 0.0, 0.0, 0.0, 0.85, 0.0, 0.1, 0.0, 0.0, 0.15, 0.0, 0.0, 0.0, 0.0], "timeout_rate": [0.5, 0.0, 1.0, 0.25, 0.2, 0.05, 0.6, 0.7, 0.6, 0.1, 0.0, 0.0, 0.0, 0.0, 0.1, 0.1, 0.0, 0.35, 0.35, 0.2, 0.0], "mean_ep_len": [111.15, 52.75, 200.0, 105.3, 64.5, 19.9, 131.0, 147.05, 130.7, 46.45, 33.25, 9.0, 33.75, 31.75, 48.45, 50.9, 32.3, 124.5, 116.4, 70.2, 42.8], "availability": [1.0, 0.9892676572215141, 1.0, 1.0, 1.0, 1.0, 1.0, 1.0, 1.0, 1.0, 1.0, 1.0, 1.0, 0.9499999999999998, 1.0, 1.0, 1.0, 1.0, 1.0, 1.0, 1.0], "trap_trigger_rate": [0.0, 0.45, 0.0, 0.35, 0.0, 0.85, 0.0, 0.0, 0.0, 0.0, 0.0, 0.85, 0.0, 0.1, 0.0, 0.0, 0.15, 0.0, 0.0, 0.0, 0.0], "port_close_freq": [0.0, 0.0, 0.0, 0.0, 0.0, 0.0, 0.0, 0.0, 0.0, 0.0, 0.0, 0.0, 0.0, 0.0, 0.0, 0.0, 0.0, 0.0, 0.0, 0.0, 0.0], "false_positive_rate": [0.0, 0.22180094786729856, 0.0, 0.0, 0.0, 0.0, 0.0, 0.0, 0.0, 0.0, 0.0, 0.0, 0.0, 0.8346456692913385, 0.0, 0.0, 0.0, 0.0, 0.0, 0.0, 0.0], "att_entropy": [-1.000000082690371e-10, 0.5689808805859604, -1.000000082690371e-10, 1.513758792203813, 0.7512828487376524, 0.6899114472517052, -1.000000082690371e-10, 0.2385419496968127, -1.000000082690371e-10, 1.5580516948411172, 1.5120457782838097, 1.5973177095392472, 1.626861227696462, 1.647136299534715, 2.2315979467803095, 1.9368053825724858, 1.4195808596656976, 0.689021059176592, 1.100617443526705, 1.8317700882278989, 1.6973614318418224], "def_entropy": [0.7500010814565798, 1.063264809927605, 0.3139231686830421, 1.425988767164519, 1.1178037504659617, 1.9500150921005948, 1.1201315432172534, 0.6065833789141974, 0.6138958602742588, 1.3733231433080875, 1.1544777798438381, 1.4947723885961215, 1.4258346712475536, 1.0312072805341725, 1.150595576323329, 0.9199899262397636, 1.6494020609873943, 1.1606548753291102, 1.3581759064345031, 1.0801604956292896, 1.1903602141353515], "att_action_dist": [[0.0, 0.0, 0.0, 0.0, 0.0, 0.0, 0.0, 0.0, 0.0, 0.0, 0.0, 0.0, 0.0, 0.0, 0.0, 0.0, 0.0, 1.0, 0.0, 0.0, 0.0, 0.0, 0.0], [0.0, 0.0, 0.02843601895734597, 0.0, 0.0, 0.13364928909952606, 0.0, 0.0, 0.0, 0.0, 0.0, 0.0, 0.0, 0.0, 0.0, 0.0, 0.0, 0.0009478672985781991, 0.007582938388625593, 0.8293838862559242, 0.0, 0.0, 0.0], [0.0, 1.0, 0.0, 0.0, 0.0, 0.0, 0.0, 0.0, 0.0, 0.0, 0.0, 0.0, 0.0, 0.0, 0.0, 0.0, 0.0, 0.0, 0.0, 0.0, 0.0, 0.0, 0.0], [0.0, 0.2345679012345679, 0.0, 0.254985754985755, 0.0, 0.0, 0.0, 0.0, 0.0, 0.0, 0.0, 0.0, 0.0, 0.0, 0.0, 0.30009496676163344, 0.15289648622981955, 0.05413105413105413, 0.0, 0.0033238366571699905, 0.0, 0.0, 0.0], [0.0, 0.015503875968992248, 0.0, 0.0, 0.0, 0.0, 0.0, 0.0, 0.0, 0.0, 0.0, 0.21395348837209302, 0.0, 0.0, 0.0, 0.7310077519379845, 0.0, 0.0, 0.0, 0.03953488372093023, 0.0, 0.0, 0.0], [0.0, 0.0, 0.0, 0.0, 0.0, 0.0, 0.0, 0.0, 0.0, 0.0, 0.0, 0.0, 0.0, 0.0, 0.0, 0.45979899497487436, 0.0, 0.0, 0.0, 0.5402010050251256, 0.0, 0.0, 0.0], [0.0, 0.0, 0.0, 0.0, 0.0, 0.0, 0.0, 0.0, 0.0, 0.0, 0.0, 0.0, 0.0, 0.0, 0.0, 0.0, 0.0, 0.0, 0.0, 1.0, 0.0, 0.0, 0.0], [0.0, 0.0, 0.0, 0.0, 0.0, 0.0, 0.0, 0.0, 0.0, 0.0, 0.0, 0.0, 0.0, 0.0, 0.0, 0.06426385583134989, 0.0, 0.0, 0.0, 0.9357361441686501, 0.0, 0.0, 0.0], [0.0, 0.0, 0.0, 0.0, 0.0, 0.0, 0.0, 0.0, 0.0, 0.0, 0.0, 0.0, 0.0, 0.0, 0.0, 0.0, 0.0, 0.0, 0.0, 1.0, 0.0, 0.0, 0.0], [0.0, 0.012917115177610334, 0.0, 0.0, 0.02045209903121636, 0.0, 0.0, 0.006458557588805167, 0.001076426264800861, 0.0, 0.0, 0.1603875134553283, 0.0, 0.0, 0.0, 0.3756727664155005, 0.0, 0.11194833153928956, 0.03659849300322928, 0.2744886975242196, 0.0, 0.0, 0.0], [0.004511278195488722, 0.015037593984962405, 0.0, 0.0, 0.0, 0.0, 0.0, 0.012030075187969926, 0.0, 0.0, 0.17443609022556392, 0.07969924812030076, 0.0, 0.0, 0.0, 0.07518796992481203, 0.0, 0.1849624060150376, 0.0, 0.45413533834586467, 0.0, 0.0, 0.0], [0.016666666666666666, 0.03888888888888889, 0.0, 0.0, 0.0, 0.0, 0.0, 0.16111111111111112, 0.0, 0.0, 0.005555555555555556, 0.37777777777777777, 0.0, 0.0, 0.0, 0.011111111111111112, 0.0, 0.18888888888888888, 0.005555555555555556, 0.19444444444444445, 0.0, 0.0, 0.0], [0.002962962962962963, 0.007407407407407408, 0.0, 0.0, 0.0, 0.0, 0.0, 0.02074074074074074, 0.0, 0.0, 0.09185185185185185, 0.1837037037037037, 0.0, 0.0, 0.0, 0.19703703703703704, 0.0, 0.13925925925925925, 0.0, 0.35703703703703704, 0.0, 0.0, 0.0], [0.014173228346456693, 0.02047244094488189, 0.0, 0.0, 0.0, 0.0, 0.0015748031496062992, 0.03622047244094488, 0.006299212598425197, 0.0, 0.1700787401574803, 0.25196850393700787, 0.0, 0.0, 0.0, 0.0031496062992125984, 0.0, 0.30551181102362207, 0.0, 0.19055118110236222, 0.0, 0.0, 0.0], [0.007223942208462332, 0.011351909184726523, 0.0, 0.0, 0.13209494324045407, 0.0, 0.0020639834881320948, 0.0196078431372549, 0.14447884416924664, 0.0, 0.07430340557275542, 0.13415892672858618, 0.0, 0.0, 0.0, 0.07223942208462332, 0.0, 0.1785345717234262, 0.033023735810113516, 0.0608875128998968, 0.0, 0.13003095975232198, 0.0], [0.005893909626719057, 0.010805500982318271, 0.0, 0.0, 0.0550098231827112, 0.0, 0.0019646365422396855, 0.019646365422396856, 0.009823182711198428, 0.0, 0.054027504911591355, 0.1925343811394892, 0.0, 0.0, 0.0, 0.1807465618860511, 0.0, 0.2554027504911591, 0.18467583497053044, 0.0, 0.0, 0.005893909626719057, 0.023575638506876228], [0.0046439628482972135, 0.030959752321981424, 0.0, 0.0, 0.0, 0.0, 0.006191950464396285, 0.034055727554179564, 0.006191950464396285, 0.0, 0.12848297213622292, 0.46904024767801855, 0.0, 0.0, 0.0, 0.0046439628482972135, 0.0, 0.2848297213622291, 0.030959752321981424, 0.0, 0.0, 0.0, 0.0], [0.005220883534136547, 0.005220883534136547, 0.0, 0.0, 0.0, 0.0, 0.0, 0.0, 0.0, 0.0, 0.321285140562249, 0.0, 0.0, 0.0, 0.0, 0.668273092369478, 0.0, 0.0, 0.0, 0.0, 0.0, 0.0, 0.0], [0.001288659793814433, 0.005154639175257732, 0.0, 0.0, 0.0, 0.0, 0.0, 0.001718213058419244, 0.08676975945017182, 0.002577319587628866, 0.01331615120274914, 0.0, 0.0, 0.0, 0.0, 0.6176975945017182, 0.0, 0.01331615120274914, 0.01761168384879725, 0.24054982817869416, 0.0, 0.0, 0.0], [0.00641025641025641, 0.007834757834757835, 0.0, 0.004273504273504274, 0.0, 0.0, 0.0035612535612535613, 0.014245014245014245, 0.3710826210826211, 0.0035612535612535613, 0.038461538461538464, 0.04985754985754986, 0.0, 0.0, 0.0, 0.20441595441595442, 0.0, 0.14316239316239315, 0.06552706552706553, 0.0876068376068376, 0.0, 0.0, 0.0], [0.002336448598130841, 0.014018691588785047, 0.0, 0.0, 