{"cycle": [0, 5, 10, 15, 20, 25, 30, 35, 40, 45, 50, 55, 60, 65, 70, 75, 80, 85, 90, 95, 100], "att_reward_mean": [-20.00000000000001, -23.30999999999998, -20.00000000000001, -50.32, 19.085000000000022, 4.655000000000001, 37.959999999999994, 16.660000000000004, 80.81499999999998, 65.99, 63.665000000000006, 56.25999999999998, 76.685, 77.28999999999999, 47.73499999999999, 53.33499999999998, 73.15, 92.69, 53.25999999999999, 39.81000000000001, 55.78000000000001], "att_reward_std": [3.552713678800501e-15, 38.67570167430708, 3.552713678800501e-15, 0.06782329983125218, 60.763074930421325, 21.231779835896944, 46.63145290466511, 68.26078229847647, 40.25086676085374, 52.8818768577667, 48.33633493553274, 57.11704999385039, 38.99286184675344, 39.16179132777254, 64.33811681266403, 61.05971892336225, 47.575492640644306, 3.4792096803728247, 61.164731667849246, 62.356121592029766, 53.85378909603299], "def_reward_mean": [50.0, 35.9125, 39.36999999999999, 45.55, -11.5625, 37.725, -7.475, -25.9625, -78.575, -62.225, -57.45, -49.3875, -73.25, -73.9875, -43.375, -49.075, -70.1875, -90.5625, -49.075, -32.9375, -49.7], "def_reward_std": [0.0, 42.2706513878128, 0.5487257967327585, 0.16955824957813173, 69.30038216885964, 31.710989814258397, 70.4104883877395, 69.56270889456505, 42.10040825217731, 56.1674338473817, 54.67532578778109, 65.1446695344293, 41.332493271033144, 41.57662166109699, 68.5648643621498, 64.89463094124197, 50.55206938148032, 4.390241308857635, 65.02408688324657, 67.90930877832582, 58.72875147659791], "att_win_rate": [0.0, 0.1, 0.0, 0.0, 0.4, 0.05, 0.4, 0.45, 0.9, 0.8, 0.8, 0.7, 0.9, 0.9, 0.65, 0.7, 0.85, 1.0, 0.7, 0.6, 0.75], "def_win_rate": [0.0, 0.0, 0.0, 1.0, 0.0, 0.0, 0.0, 0.35, 0.0, 0.0, 0.0, 0.0, 0.0, 0.0, 0.0, 0.0, 0.0, 0.0, 0.0, 0.0, 0.0], "timeout_rate": [1.0, 0.9, 1.0, 0.0, 0.6, 0.95, 0.6, 0.2, 0.1, 0.2, 0.2, 0.3, 0.1, 0.1, 0.35, 0.3, 0.15, 0.0, 0.3, 0.4, 0.25], "mean_ep_len": [200.0, 183.65, 200.0, 2.2, 133.75, 190.9, 130.1, 66.15, 46.7, 71.1, 90.2, 82.45, 67.0, 64.05, 86.5, 83.7, 59.25, 37.75, 83.7, 108.25, 101.2], "availability": [1.0, 1.0, 1.0, 1.0, 1.0, 1.0, 1.0, 1.0, 1.0, 1.0, 1.0, 1.0, 1.0, 1.0, 1.0, 1.0, 1.0, 1.0, 1.0, 1.0, 1.0], "trap_trigger_rate": [0.0, 0.0, 0.0, 1.0, 0.0, 0.0, 0.0, 0.35, 0.0, 0.0, 0.0, 0.0, 0.0, 0.0, 0.0, 0.0, 0.0, 0.0, 0.0, 0.0, 0.0], "port_close_freq": [0.0, 0.0, 0.0, 0.0, 0.0, 0.0, 0.0, 0.0, 0.0, 0.0, 0.0, 0.0, 0.0, 0.0, 0.0, 0.0, 0.0, 0.0, 0.0, 0.0, 0.0], "false_positive_rate": [0.0, 0.0, 0.0, 0.0, 0.0, 0.0, 0.0, 0.0, 0.0, 0.0, 0.0, 0.0, 0.0, 0.0, 0.0, 0.0, 0.0, 0.0, 0.0, 0.0, 0.0], "att_entropy": [0.031479065747166746, 0.480700863828076, 0.7577116059248268, 0.6890092382766586, 0.9526906094841755, 0.07325366998711415, 0.30975121239843134, 1.2645956377276402, 1.0195839082613674, 1.2753126644678514, 1.0764502956779662, 1.217587436609827, 1.1930712446504532, 1.5822790277214374, 0.3936433665549501, 0.9620470633149875, 0.6880253227833871, 1.7759615147464431, 0.34634044808961445, 0.983225088186461, 1.421977444666718], "def_entropy": [0.7283951068291958, 0.9400425765860888, 1.7075857538945565, 0.6890092382766586, 0.800480858798694, 0.0773296508781704, 1.206601062820227, 1.3884926683805918, 1.8462552052954306, 0.7485892928813446, 1.0626492224731312, 0.9238180049503708, 0.3393722554866656, 0.8996862189375493, 0.7017396839670724, 1.3338713949152514, 0.9912043547902247, 1.4142374171664691, 1.4107745230961726, 0.7607474684850799, 0.8281558948726094], "att_action_dist": [[0.0, 0.995, 0.0, 0.0, 0.0, 0.0, 0.0, 0.005, 0.0, 0.0, 0.0, 0.0, 0.0, 0.0, 0.0, 0.0, 0.0, 0.0, 0.0, 0.0, 0.0, 0.0, 0.0], [0.0, 0.0, 0.0, 0.0, 0.0, 0.0, 0.0, 0.0, 0.0, 0.186223795262728, 0.0, 0.0, 0.0, 0.0, 0.813776204737272, 0.0, 0.0, 0.0, 0.0, 0.0, 0.0, 0.0, 0.0], [0.0, 0.09175, 0.0, 0.0, 0.0, 0.0, 0.729, 0.17925, 0.0, 0.0, 0.0, 0.0, 0.0, 0.0, 0.0, 0.0, 0.0, 0.0, 0.0, 0.0, 0.0, 0.0, 0.0], [0.0, 0.0, 0.0, 0.0, 0.0, 0.0, 0.5454545454545454, 0.0, 0.0, 0.0, 0.0, 0.0, 0.0, 0.0, 0.0, 0.0, 0.45454545454545453, 0.0, 0.0, 0.0, 0.0, 0.0, 0.0], [0.00037383177570093456, 0.41158878504672897, 0.0, 0.0, 0.0, 0.0, 0.0, 0.009345794392523364, 0.0, 0.0, 0.0, 0.05644859813084112, 0.0, 0.0, 0.0, 0.0, 0.0, 0.5147663551401869, 0.0, 0.0, 0.0, 0.007476635514018692, 0.0], [0.00026191723415400735, 0.005238344683080147, 0.0, 0.0, 0.0, 0.0, 0.0, 0.0, 0.0, 0.0, 0.0, 0.006286013619696176, 0.0, 0.0, 0.0, 0.0, 0.0, 0.0, 0.0, 0.0, 0.0, 0.9882137244630697, 0.0], [0.0, 0.007686395080707148, 0.0, 0.0, 0.0, 0.0, 0.0, 0.0, 0.0, 0.0, 0.0, 0.07455803228285934, 0.0, 0.0, 0.0, 0.0, 0.0, 0.0, 0.0, 0.0, 0.0, 0.9177555726364335, 0.0], [0.0, 0.0, 0.0, 0.04610733182161754, 0.0, 0.0, 0.31519274376417233, 0.0, 0.0, 0.0, 0.0, 0.0, 0.0, 0.3250188964474679, 0.0, 0.0, 0.006046863189720333, 0.0, 0.30763416477702193, 0.0, 0.0, 0.0, 0.0], [0.0, 0.0, 0.0, 0.021413276231263382, 0.0, 0.0, 0.011777301927194861, 0.0, 0.0, 0.0, 0.0, 0.0, 0.0, 0.39400428265524623, 0.0, 0.0, 0.06316916488222699, 0.0, 0.5096359743040685, 0.0, 0.0, 0.0, 0.0], [0.0, 0.0, 0.0, 0.014064697609001406, 0.0, 0.009845288326300985, 0.005625879043600563, 0.0, 0.0, 0.0, 0.0, 0.0, 0.014064697609001406, 0.14345991561181434, 0.0, 0.1568213783403657, 0.0759493670886076, 0.0, 0.580168776371308, 0.0, 0.0, 0.0, 0.0], [0.0, 0.0, 0.0, 0.0, 0.0, 0.18902439024390244, 0.0, 0.0, 0.0, 0.0, 0.0, 0.0, 0.0, 0.0, 0.011086474501108648, 0.10310421286031042, 0.0, 0.6274944567627494, 0.06929046563192905, 0.0, 0.0, 0.0, 0.0], [0.0, 0.0, 0.0, 0.0, 0.0, 0.3335354760460885, 0.0, 0.0, 0.0, 0.0, 0.0, 0.0, 0.0, 0.0, 0.0, 0.05275924802910855, 0.0, 0.21346270466949666, 0.40024257125530627, 0.0, 0.0, 0.0, 0.0], [0.0, 0.0, 0.0, 0.0029850746268656717, 0.0, 0.009701492537313432, 0.0, 0.0, 0.0, 0.0, 0.0, 0.0, 0.0, 0.2835820895522388, 0.0, 0.23059701492537313, 0.0, 0.4537313432835821, 0.019402985074626865, 0.0, 0.0, 0.0, 0.0], [0.0, 0.0, 0.0, 0.00156128024980484, 0.0, 0.01249024199843872, 0.0, 0.0, 0.00156128024980484, 0.0, 0.0, 0.0, 0.17720530835284934, 0.0936768149882904, 0.0, 0.23809523809523808, 0.0, 0.3403590944574551, 0.13505074160811867, 0.0, 0.0, 0.0, 0.0], [0.0, 0.0, 0.0, 0.0, 0.0, 0.004046242774566474, 0.0, 0.0, 0.0, 0.0, 0.0, 0.0, 0.0, 0.0, 0.0, 0.004624277456647399, 0.0, 0.10635838150289018, 0.8849710982658959, 0.0, 0.0, 0.0, 0.0], [0.0, 0.0, 0.0, 0.0, 0.0, 0.0, 0.008960573476702509, 0.0, 0.0, 0.0, 0.0, 0.0, 0.37873357228195936, 0.0, 0.0, 0.0, 0.5244922341696535, 0.0, 0.08781362007168458, 0.0, 0.0, 0.0, 0.0], [0.0, 0.0, 0.0, 0.0, 0.0, 0.0, 0.0, 0.0, 0.0, 0.0, 0.0, 0.0, 0.7139240506329114, 0.0, 0.0, 0.0, 0.0, 0.0270042194092827, 0.2590717299578059, 0.0, 0.0, 0.0, 0.0], [0.0, 0.0013245033112582781, 0.0, 0.025165562913907286, 0.0, 0.0, 0.026490066225165563, 0.010596026490066225, 0.0, 0.0, 0.0, 0.026490066225165563, 0.033112582781456956, 0.2543046357615894, 0.0, 0.0, 0.21059602649006623, 0.2410596026490066, 0.17086092715231788, 0.0, 0.0, 0.0, 0.0], [0.0, 0.0, 0.0, 0.0, 0.0, 0.0, 0.0, 0.0, 0.0, 0.0, 0.0, 0.0, 0.0, 0.0, 0.0, 0.0, 0.0, 0.8900836320191159, 0.10991636798088411, 0.0, 0.0, 0.0, 0.0], [0.0, 0.13487297921478061, 0.0, 0.0, 0.0, 0.0, 0.0, 0.0, 0.0, 0.0, 0.0, 0.3607390300230947, 0.0, 0.0, 0.0, 0.0, 0.0, 0.0, 0.5043879907621247, 0.0, 0.0, 0.0, 0.0], [0.0, 0.09930830039525691, 0.0, 0.0009881422924901185, 0.0, 0.0, 0.0004940711462450593, 0.0, 0.0, 0.0, 0.0, 0.0775691699604743, 0.5345849802371542, 0.015316205533596838, 0.0, 0.0, 0.020256916996047432, 0.16946640316205533, 0.08201581027667984, 0.0, 0.0, 0.0, 0.0]],