{"cycle": [0, 5, 10, 15, 20, 25, 30, 35, 40, 45, 50, 55, 60, 65, 70, 75, 80, 85, 90, 95, 100], "att_reward_mean": [28.680000000000014, -3.5049999999999946, 1.2050000000000007, -9.074999999999987, -13.25, -4.525, 43.885000000000026, -39.14, -51.10000000000001, -22.589999999999996, -26.309999999999985, -64.53000000000004, 10.679999999999986, -55.045, -55.95999999999998, -51.225, -66.515, -102.81499999999994, -55.23, -75.05999999999999, -50.925], "att_reward_std": [53.511238072016226, 4.297845390425291, 21.34365186653868, 5.713394350121464, 19.198163974713832, 10.8553615785012, 60.96857612737892, 40.2683051543022, 0.804984471899924, 59.31005732588699, 47.46849376165206, 30.639241178593196, 72.26550767828317, 20.812219367477336, 22.05800081603032, 0.9289106523234624, 44.12702431617157, 71.09338418587197, 2.3535292647426296, 53.00355082444948, 0.19202864369671516], "def_reward_mean": [-700.4875, 45.0, 39.7125, 45.0, 36.312500000000014, 40.0625, -38.725, 28.387500000000006, 41.962500000000006, 12.14000000000001, 21.875000000000007, 31.555000000000007, -20.3125, 35.55000000000001, 39.907500000000006, 44.175, 42.177499999999995, 44.13000000000001, 50.187500000000014, 44.2125, 46.5625], "def_reward_std": [318.8106165402118, 0.0, 23.047678163971316, 0.0, 3.00195248963071, 0.2724311839712937, 68.78053412848725, 38.37670802387824, 1.2876213535042045, 60.5581427225109, 45.15878236843859, 30.70771035098513, 69.03992843818713, 24.501096914219982, 2.511835733084468, 2.6752336346569763, 3.1529539720712663, 12.097751857266704, 5.87253937832689, 2.522740325519056, 0.480071609241788], "att_win_rate": [0.4, 0.0, 0.05, 0.0, 0.0, 0.0, 0.6, 0.1, 0.0, 0.2, 0.15, 0.0, 0.45, 0.05, 0.0, 0.0, 0.0, 0.0, 0.0, 0.0, 0.0], "def_win_rate": [0.0, 0.0, 0.0, 0.0, 0.2, 0.05, 0.05, 0.9, 1.0, 0.8, 0.6, 0.7, 0.35, 0.95, 0.95, 1.0, 0.9, 0.8, 1.0, 0.85, 1.0], "timeout_rate": [0.6, 1.0, 0.95, 1.0, 0.8, 0.95, 0.35, 0.0, 0.0, 0.0, 0.25, 0.3, 0.2, 0.0, 0.05, 0.0, 0.1, 0.2, 0.0, 0.15, 0.0], "mean_ep_len": [139.05, 200.0, 198.85, 200.0, 165.25, 190.25, 101.1, 23.55, 7.85, 19.6, 73.5, 71.3, 70.75, 22.2, 14.75, 6.7, 26.75, 60.8, 48.75, 35.85, 6.25], "availability": [1.0, 1.0, 1.0, 1.0, 1.0, 1.0, 1.0, 1.0, 1.0, 1.0, 1.0, 1.0, 1.0, 1.0, 1.0, 1.0, 1.0, 1.0, 1.0, 1.0, 1.0], "trap_trigger_rate": [0.0, 0.0, 0.0, 0.0, 0.2, 0.05, 0.05, 0.9, 1.0, 0.8, 0.6, 0.7, 0.35, 0.95, 0.95, 1.0, 0.9, 0.8, 1.0, 0.85, 1.0], "port_close_freq": [0.0, 0.0, 0.0, 0.0, 0.0, 0.0, 0.0, 0.0, 0.0, 0.0, 0.0, 0.0, 0.0, 0.0, 0.0, 0.0, 0.0, 0.0, 0.0, 0.0, 0.0], "false_positive_rate": [0.0, 0.0, 0.0, 0.0, 0.0, 0.0, 0.0, 0.0, 0.0, 0.0, 0.0, 0.0, 0.0, 0.0, 0.0, 0.0, 0.0, 0.0, 0.0, 0.0, 0.0], "att_entropy": [1.687840036356727, 0.5929615332453719, 0.650321010688955, 1.3835297499781793, 0.7135073757305919, 0.3661365074558624, 2.0932911362646744, 1.8717847621395658, 2.111262924412927, 2.2170312912906778, 1.9865952875330684, 1.8324018619548106, 1.6544831216531126, 2.148019944169081, 2.194475073719984, 1.5545655960053215, 1.8959941784152137, 1.1536004734006475, 0.4099711863683304, 0.5295533806216063, 0.8524262190892465], "def_entropy": [-1.000000082690371e-10, 0.0629330058604468, 0.10789871355010308, 0.04743309792970131, 0.11071092647983587, 0.0656301099634217, 0.07570465734086125, 1.4038649758985982, 1.1864519286409994, 1.7754350917909922, 1.3306643623651417, 1.782072944411531, 1.1114629837455126, 1.731333942588276, 1.1468937971991382, 1.4876593371690192, 1.5063987264428167, 1.2664273568833313, 0.9291754867019882, 1.77363118598448, 1.7862950535084294], "att_action_dist": [[0.00719165767709457, 0.01654081265731751, 0.03380079108234448, 0.0017979144192736426, 0.00719165767709457, 0.1111111111111111, 0.009708737864077669, 0.007910823444804028, 0.00719165767709457, 0.0003595828838547285, 0.0, 0.0, 0.0, 0.18194893923049263, 0.0010787486515641855, 0.0, 0.0, 0.045307443365695796, 0.03308162531463502, 0.04422869471413161, 0.0, 0.49154980222941386, 0.0], [0.00125, 0.0, 0.0, 0.1225, 0.01675, 0.0, 0.0, 0.0, 0.00775, 0.0, 0.0, 0.00075, 0.0, 0.0, 0.002, 0.0, 0.00725, 0.0, 0.0035, 0.0, 0.0, 0.83825, 0.0], [0.02816193110384712, 0.0020115665074176515, 0.0, 0.0077948202162434, 0.005028916268544128, 0.00025144581342720644, 0.005280362081971335, 0.0010057832537088258, 0.005028916268544128, 0.007543374402816193, 0.0, 0.0005028916268544129, 0.0005028916268544129, 0.0, 0.007543374402816193, 0.0, 0.010812169977369876, 0.0, 0.03671108876037214, 0.008297711843097813, 0.0, 0.8735227558461152, 0.0], [0.00425, 0.00625, 0.04, 0.03625, 0.0085, 0.0, 0.0265, 0.00175, 0.1335, 0.00075, 0.0, 0.00125, 0.0205, 0.0, 0.0165, 0.0, 0.0, 0.009, 0.00975, 0.041, 0.0, 0.64425, 0.0], [0.000302571860816944, 0.005446293494704993, 0.000605143721633888, 0.006051437216338881, 0.004841149773071104, 0.006959152798789713, 0.005446293494704993, 0.0, 0.041754916792738274, 0.014523449319213313, 0.0, 0.001210287443267776, 0.000907715582450832, 0.0, 0.008169440242057489, 0.027534039334341905, 0.000302571860816944, 0.014523449319213313, 0.002420574886535552, 0.000302571860816944, 0.0, 0.8586989409984871, 0.0], [0.002102496714848883, 0.0, 0.0010512483574244415, 0.0007884362680683311, 0.0015768725361366622, 0.004467805519053876, 0.0, 0.0, 0.005256241787122208, 0.001314060446780552, 0.0, 0.009986859395532195, 0.009986859395532195, 0.0, 0.0010512483574244415, 0.0010512483574244415, 0.0, 0.01392904073587385, 0.008409986859395532, 0.0005256241787122207, 0.0, 0.9385019710906701, 0.0], [0.06726013847675569, 0.0034619188921859545, 0.0, 0.0004945598417408506, 0.0, 0.008407517309594461, 0.0, 0.032640949554896145, 0.013353115727002967, 0.09841740850642927, 0.0, 0.0009891196834817012, 0.0, 0.0, 0.013847675568743818, 0.0004945598417408506, 0.22601384767556876, 0.09891196834817013, 0.09841740850642927, 0.12265084075173097, 0.0, 0.21463897131552917, 0.0], [0.01910828025477707, 0.0, 0.021231422505307854, 0.006369426751592357, 0.044585987261146494, 0.06581740976645435, 0.0, 0.0, 0.0, 0.04246284501061571, 0.0, 0.0, 0.0, 0.32696390658174096, 0.0, 0.03397027600849257, 0.08280254777070063, 0.027600849256900213, 0.0, 0.3078556263269639, 0.0, 0.021231422505307854, 0.0], [0.01910828025477707, 0.050955414012738856, 0.0, 0.12101910828025478, 0.0, 0.0, 0.012738853503184714, 0.006369426751592357, 0.11464968152866242, 0.2229299363057325, 0.0, 0.0, 0.18471337579617833, 0.0, 0.0, 0.012738853503184714, 0.11464968152866242, 0.0, 0.0, 0.11464968152866242, 0.0, 0.025477707006369428, 0.0], [0.01020408163265306, 0.0, 0.012755102040816327, 0.012755102040816327, 0.00510204081632653, 0.28316326530612246, 0.0, 0.0, 0.05102040816326531, 0.017857142857142856, 0.00510204081632653, 0.04336734693877551, 0.15051020408163265, 0.00510204081632653, 0.09183673469387756, 0.10459183673469388, 0.00510204081632653, 0.0, 0.00510204081632653, 0.03826530612244898, 0.0, 0.14285714285714285, 0.015306122448979591], [0.16666666666666666, 0.0, 0.0, 0.04557823129251701, 0.0006802721088435374, 0.19727891156462585, 0.014965986394557823, 0.0006802721088435374, 0.027891156462585033, 0.007482993197278911, 0.0, 0.2904761904761905, 0.0006802721088435374, 0.10272108843537416, 0.017006802721088437, 0.010884353741496598, 0.004081632653061225, 0.009523809523809525, 0.0, 0.10340136054421768, 0.0, 0.0, 0.0], [0.0, 0.0091164095371669, 0.005610098176718092, 0.07643758765778401, 0.001402524544179523, 0.0, 0.0, 0.001402524544179523, 0.005610098176718092, 0.04207573632538569, 0.3611500701262272, 0.04908835904628331, 0.11220196353436185, 0.028751753155680224, 0.0, 0.0, 0.0, 0.012622720897615708, 0.033660589060308554, 0.0, 0.2608695652173913, 0.0, 0.0], [0.0, 0.0, 0.0, 0.009187279151943463, 0.0, 0.0, 0.0, 0.0, 0.024734982332155476, 0.01696113074204947, 0.03462897526501767, 0.0035335689045936395, 0.46996466431095407, 0.17809187279151945, 0.1625441696113074, 0.040282685512367494, 0.0, 0.0, 0.026148409893992933, 0.0007067137809187279, 0.028268551236749116, 0.0049469964664310955, 0.0], [0.12837837837837837, 0.0, 0.0, 0.04504504504504504, 0.006756756756756757, 0.02027027027027027, 0.0, 