{"cycle": [0, 5, 10, 15, 20, 25, 30, 35, 40, 45, 50, 55, 60, 65, 70, 75, 80, 85, 90, 95, 100], "att_reward_mean": [-20.00000000000001, -20.00000000000001, -20.00000000000001, 8.219999999999988, 36.81999999999999, 59.05999999999999, 45.35499999999997, 71.19999999999999, 58.36, 68.65499999999999, 60.904999999999994, 57.664999999999985, 64.16, 20.060000000000002, 53.65499999999999, 81.115, -35.745000000000005, 82.035, 79.53999999999999, 75.71000000000001, -13.845000000000004], "att_reward_std": [3.552713678800501e-15, 3.552713678800501e-15, 3.552713678800501e-15, 48.88395033137155, 56.842559759391555, 51.84671059961278, 59.58342449876478, 43.76298664396662, 53.03743394999421, 42.28661106071286, 56.207263543068876, 61.06886502138385, 51.77401278633904, 67.54483251885372, 60.479297904324255, 36.37562748599672, 42.42511608705391, 34.181724283599266, 39.3705270475263, 43.23031228200879, 61.08259551623523], "def_reward_mean": [50.0, 50.0, 50.0, 0.05, -20.9625, -48.6875, -35.2, -62.6875, -48.625, -62.4875, -56.0125, -95.06249999999997, -56.3125, -16.009999999999998, -49.3375, -77.075, 27.347500000000004, -77.0175, -76.13749999999999, -70.5625, -1.0375], "def_reward_std": [0.0, 0.0, 0.0, 61.12981064914238, 70.99072452616609, 64.6366225041965, 69.58248702080144, 56.41840762331032, 64.59239990122677, 48.313331170081824, 61.26150274642306, 72.88301145929002, 61.6499632501918, 69.8125250223769, 63.89225671980917, 42.45564597318006, 40.18632999852064, 42.52755952026874, 41.636534062647435, 50.722398590267794, 61.940055446778544], "att_win_rate": [0.0, 0.0, 0.0, 0.25, 0.5, 0.7, 0.6, 0.8, 0.7, 0.85, 0.75, 0.75, 0.75, 0.45, 0.7, 0.9, 0.1, 0.9, 0.9, 0.85, 0.25], "def_win_rate": [0.0, 0.0, 0.0, 0.0, 0.0, 0.0, 0.0, 0.0, 0.0, 0.0, 0.0, 0.2, 0.05, 0.35, 0.1, 0.0, 0.85, 0.0, 0.05, 0.0, 0.7], "timeout_rate": [1.0, 1.0, 1.0, 0.75, 0.5, 0.3, 0.4, 0.2, 0.3, 0.15, 0.25, 0.05, 0.2, 0.2, 0.2, 0.1, 0.05, 0.1, 0.05, 0.15, 0.05], "mean_ep_len": [200.0, 200.0, 200.0, 159.2, 116.15, 85.25, 99.2, 69.25, 85.5, 90.05, 75.95, 42.2, 65.75, 57.0, 65.65, 51.7, 23.15, 52.25, 46.85, 57.75, 26.85], "availability": [1.0, 1.0, 1.0, 1.0, 1.0, 1.0, 1.0, 1.0, 1.0, 1.0, 1.0, 0.9499999999999998, 1.0, 1.0, 1.0, 1.0, 1.0, 1.0, 1.0, 1.0, 1.0], "trap_trigger_rate": [0.0, 0.0, 0.0, 0.0, 0.0, 0.0, 0.0, 0.0, 0.0, 0.0, 0.0, 0.2, 0.05, 0.35, 0.1, 0.0, 0.85, 0.0, 0.05, 0.0, 0.7], "port_close_freq": [0.0, 0.0, 0.0, 0.0, 0.0, 0.0, 0.0, 0.0, 0.0, 0.0, 0.0, 0.0, 0.0, 0.0, 0.0, 0.0, 0.0, 0.0, 0.0, 0.0, 0.0], "false_positive_rate": [0.0, 0.0, 0.0, 0.0, 0.0, 0.0, 0.0, 0.0, 0.0, 0.0, 0.0, 1.8732227488151658, 0.0, 0.0, 0.0, 0.0, 0.0, 0.0, 0.0, 0.0, 0.0], "att_entropy": [0.5458499990592454, -1.000000082690371e-10, -1.000000082690371e-10, 0.21018621892561035, 0.722551710362678, 0.6897259615467725, 1.2505827994522896, 1.8395605650271425, 1.1990573331917442, 1.3341691627619667, 1.5939949918933973, 1.690327588625722, 1.7908734516464873, 2.184828027861921, 2.22487872399601, 1.9054586541992855, 1.9058339035019691, 1.865382018775914, 2.200646068056692, 2.202997951517096, 1.5774542174975141], "def_entropy": [1.1175429919464261, 0.5621073687258851, 1.209419714674267, 1.44788768163263, 1.437680916296484, 0.9049887984050593, 0.6119319117263907, 1.560418966025778, 1.4160758132493814, 0.6975169116573091, 0.9821476349212239, 1.3542478990035745, 1.253269632523262, 1.1520197984776166, 1.7878997263445093, 1.5421981613099265, 1.819748757740489, 0.5865020533830406, 1.13396296381309, 1.1304819658941687, 1.347239346439065], "att_action_dist": [[0.0, 0.0005, 0.0, 0.0, 0.7675, 0.0, 0.232, 0.0, 0.0, 0.0, 0.0, 0.0, 0.0, 0.0, 0.0, 0.0, 0.0, 0.0, 0.0, 0.0, 0.0, 0.0, 0.0], [0.0, 1.0, 0.0, 0.0, 0.0, 0.0, 0.0, 0.0, 0.0, 0.0, 0.0, 0.0, 0.0, 0.0, 0.0, 0.0, 0.0, 0.0, 0.0, 0.0, 0.0, 0.0, 0.0], [0.0, 0.0, 1.0, 0.0, 0.0, 0.0, 0.0, 0.0, 0.0, 0.0, 0.0, 0.0, 0.0, 0.0, 0.0, 0.0, 0.0, 0.0, 0.0, 0.0, 0.0, 0.0, 0.0], [0.0, 0.0, 0.9459798994974874, 0.0, 0.0, 0.0, 0.0, 0.0, 0.0, 0.0, 0.0, 0.0, 0.05402010050251256, 0.0, 0.0, 0.0, 0.0, 0.0, 0.0, 0.0, 0.0, 0.0, 0.0], [0.0, 0.0, 0.7653895824365046, 0.0, 0.0, 0.0, 0.0, 0.0, 0.004304778303917348, 0.09556607834696514, 0.0, 0.0, 0.134739560912613, 0.0, 0.0, 0.0, 0.0, 0.0, 0.0, 0.0, 0.0, 0.0, 0.0], [0.0, 0.0, 0.7085043988269795, 0.0, 0.008211143695014663, 0.0, 0.0, 0.0, 0.0, 0.0, 0.0, 0.0, 0.2715542521994135, 0.0, 0.0, 0.011730205278592375, 0.0, 0.0, 0.0, 0.0, 0.0, 0.0, 0.0], [0.0, 0.0, 0.3276209677419355, 0.0, 0.0, 0.19203629032258066, 0.0, 0.0, 0.004032258064516129, 0.0, 0.0, 0.0, 0.06653225806451613, 0.0, 0.0, 0.4097782258064516, 0.0, 0.0, 0.0, 0.0, 0.0, 0.0, 0.0], [0.0, 0.0, 0.18628158844765344, 0.01444043321299639, 0.0, 0.2223826714801444, 0.0, 0.0, 0.01444043321299639, 0.0, 0.0, 0.0, 0.21516245487364621, 0.08086642599277978, 0.0, 0.12057761732851986, 0.0, 0.0, 0.0, 0.0, 0.0, 0.14584837545126353, 0.0], [0.0011695906432748538, 0.0, 0.011695906432748537, 0.014619883040935672, 0.0, 0.5994152046783626, 0.0, 0.0, 0.011695906432748537, 0.0, 0.0, 0.0, 0.17777777777777778, 0.14035087719298245, 0.0, 0.04327485380116959, 0.0, 0.0, 0.0, 0.0, 0.0, 0.0, 0.0], [0.0, 0.0, 0.007218212104386452, 0.004441976679622432, 0.0, 0.1676846196557468, 0.0, 0.0, 0.00555247084952804, 0.0, 0.5558023320377568, 0.0, 0.05274847307051638, 0.08217656857301499, 0.0, 0.1243753470294281, 0.0, 0.0, 0.0, 0.0, 0.0, 0.0, 0.0], [0.0032916392363396972, 0.0013166556945358788, 0.013166556945358789, 0.11125740618828177, 0.0, 0.009216589861751152, 0.0, 0.0, 0.005924950625411455, 0.0, 0.013166556945358789, 0.18169848584595127, 0.45622119815668205, 0.10335747202106649, 0.0, 0.10138248847926268, 0.0, 0.0, 0.0, 0.0, 0.0, 0.0, 0.0], [0.0, 0.02132701421800948, 0.023696682464454975, 0.02843601895734597, 0.0, 0.008293838862559242, 0.0, 0.0, 0.18009478672985782, 0.0, 0.0, 0.004739336492890996, 0.36492890995260663, 0.08175355450236967, 0.0, 0.2523696682464455, 0.0, 0.0, 0.0, 0.031990521327014215, 0.0, 0.0, 0.002369668246445498], [0.0, 0.28517110266159695, 0.1391634980988593, 0.00532319391634981, 0.0, 0.0022813688212927757, 0.03193916349809886, 0.0, 0.02585551330798479, 0.0, 0.015209125475285171, 0.0349809885931559, 0.3057034220532319, 0.033460076045627375, 0.0, 0.0, 0.0, 0.0, 0.0, 0.0, 0.0, 0.12091254752851711, 0.0], [0.007894736842105263, 0.010526315789473684, 0.25, 0.08596491228070176, 0.0, 0.007894736842105263, 0.04035087719298246, 0.0008771929824561404, 0.010526315789473684, 0.0, 0.017543859649122806, 0.06403508771929825, 0.005263157894736842, 0.06842105263157895, 0.0, 0.18947368421052632, 0.0, 0.08771929824561403, 0.0, 0.013157894736842105, 0.0, 0.14035087719298245, 0.0], [0.0015232292460015233, 0.11195734958111196, 0.11119573495811119, 0.00913937547600914, 0.0, 0.005331302361005331, 0.0007616146230007616, 0.0007616146230007616, 0.005331302361005331, 0.025894897182025894, 0.015232292460015232, 0.008377760853008377, 0.19954303122619954, 0.13480578827113482, 0.0, 0.03808073115003808, 0.06169078446306169, 0.0, 0.1744097486671744, 0.09596344249809596, 0.0, 0.0, 0.0], [0.02611218568665377, 0.008704061895551257, 0.019342359767891684, 0.20986460348162475, 0.0, 0.007736943907156673, 0.0009671179883945841, 0.0, 0.008704061895551257, 0.0, 0.019342359767891684, 0.18471953578336556, 0.3307543520309478, 0.07930367504835589, 0.0, 0.06576402321083172, 0.030947775628626693, 0.0, 0.007736943907156673, 0.0, 0.0, 0.0, 0.0], [0.0064794816414686825, 0.019438444924406047, 0.04319654427645788, 0.03455723542116631, 0.0, 0.07127429805615551, 0.008639308855291577, 0.0021598272138228943, 0.41252699784017277, 0.0, 0.056155507559395246, 0.01079913606911447, 0.047516198704103674, 0.06479481641468683, 0.0, 0.20734341252699784, 0.0021598272138228943, 0.008639308855291577, 0.004319654427645789, 0.0, 0.0, 0.0, 0.0], [0.0009569377990430622, 0.22583732057416267, 0.024880382775119617, 0.184688995215311, 0.0, 0.019138755980861243, 0.004784688995215311, 0.0, 0.0028708133971291866, 0.0009569377990430622, 0.004784688995215311, 0.0, 0.13779904306220095, 0.06028708133971292, 0.0, 0.2937799043062201, 0.0, 0.0, 